tis1099_district_code,parent_province_tis1099_code,name_en,name_th,centroid_lat,centroid_lon,area_km2,bbox_minlat,bbox_minlon,bbox_maxlat,bbox_maxlon,num_tambon,postal_code_prefixes,notes
1001,10,Phra Nakhon,พระนคร,13.7554,100.49837,5.2,13.73863,100.4883,13.77267,100.5094,12,1020,
1002,10,Dusit,ดุสิต,13.77966,100.51834,11.3,13.75273,100.49904,13.80036,100.53742,5,1030,
1003,10,Nong Chok,หนองจอก,13.8508,100.8615,263.2,13.73788,100.79259,13.94649,100.93085,8,1053,
1004,10,Bang Rak,บางรัก,13.7279,100.5236,3.7,13.71934,100.51203,13.73805,100.54475,5,1050,
1005,10,Bang Khen,บางเขน,13.86831,100.62923,44.6,13.84393,100.58655,13.89978,100.6845,2,1022,
1006,10,Bang Kapi,บางกะปิ,13.77137,100.63401,36.4,13.73839,100.60125,13.8174,100.66462,2,1024,
1007,10,Pathum Wan,ปทุมวัน,13.73997,100.53537,8.4,13.72277,100.51569,13.7531,100.55291,4,1033,
1008,10,Pom Prap Sattruphai,ป้อมปราบศัตรูพ่าย,13.75026,100.51127,2.3,13.73805,100.5039,13.76365,100.51737,5,1010,
1009,10,Phra Khanong,พระโขนง,13.69169,100.61288,13.4,13.67794,100.58392,13.70651,100.64024,2,1026,
1010,10,Min Buri,มีนบุรี,13.81072,100.75318,52.8,13.77811,100.69678,13.84929,100.799,2,1051,
1011,10,Lat Krabang,ลาดกระบัง,13.74397,100.79047,130.8,13.68956,100.70839,13.79397,100.87883,6,1052,
1012,10,Yannawa,ยานนาวา,13.69733,100.53647,6.4,13.67788,100.51698,13.71654,100.55487,2,1012,
1013,10,Samphanthawong,สัมพันธวงศ์,13.7382,100.5079,1.6,13.72939,100.49981,13.74685,100.51569,3,1010,
1014,10,Phaya Thai,พญาไท,13.78268,100.5434,7.8,13.76272,100.52789,13.79785,100.56163,2,1040,
1015,10,Thon Buri,ธนบุรี,13.7172,100.48651,11.0,13.69483,100.46923,13.74217,100.49864,7,1060,
1016,10,Bangkok Yai,บางกอกใหญ่,13.73818,100.4764,4.8,13.72244,100.46205,13.74821,100.49197,2,1060,
1017,10,Huai Khwang,ห้วยขวาง,13.76849,100.58353,19.3,13.74114,100.5633,13.80298,100.6041,3,1031,
1018,10,Khlong San,คลองสาน,13.72282,100.50399,4.0,13.70514,100.49765,13.73922,100.5123,4,1060,
1019,10,Taling Chan,ตลิ่งชัน,13.77093,100.43556,32.7,13.74442,100.40618,13.80135,100.46618,6,1017,
1020,10,Bangkok Noi,บางกอกน้อย,13.76151,100.47471,9.1,13.74442,100.46205,13.78716,100.49097,5,1070,
1021,10,Bang Khun Thian,บางขุนเทียน,13.58758,100.43099,150.4,13.49339,100.37648,13.68256,100.47693,2,1015,
1022,10,Phasi Charoen,ภาษีเจริญ,13.72316,100.44119,26.4,13.68761,100.41339,13.74793,100.47164,7,1016,
1023,10,Nong Khaem,หนองแขม,13.69736,100.35511,32.6,13.65534,100.33033,13.738,100.38484,2,1016,
1024,10,Rat Burana,ราษฎร์บูรณะ,13.6758,100.49794,14.0,13.6616,100.4758,13.69526,100.5234,2,1014,
1025,10,Bang Phlat,บางพลัด,13.78831,100.49328,14.3,13.76193,100.46594,13.81327,100.5165,4,1070,
1026,10,Din Daeng,ดินแดง,13.77601,100.56084,8.3,13.75513,100.54343,13.80107,100.5749,2,1040,
1027,10,Bung Kum,บึงกุ่ม,13.8116,100.64903,19.0,13.77537,100.62448,13.84737,100.67514,3,1024,
1028,10,Sathon,สาทร,13.71529,100.53182,7.6,13.70254,100.50817,13.72617,100.55375,3,1012,
1029,10,Bang Su,บางซื่อ,13.81909,100.52887,11.2,13.79785,100.5074,13.84963,100.54363,2,1080,
1030,10,Chatuchak,จตุจักร,13.82575,100.56485,32.3,13.79496,100.53742,13.85893,100.58987,5,1090,
1031,10,Bang Kho Laem,บางคอแหลม,13.69804,100.51072,7.7,13.68268,100.49,13.71246,100.52995,3,1012,
1032,10,Prawet,ประเวศ,13.70815,100.66899,36.9,13.66898,100.63411,13.73786,100.70999,3,1025,
1033,10,Khlong Toei,คลองเตย,13.71467,100.57121,12.9,13.6961,100.5507,13.74285,100.60166,3,1011,
1034,10,Suan Luang,สวนหลวง,13.72592,100.62478,22.4,13.70076,100.59815,13.74809,100.65909,3,1025,
1035,10,Chom Thong,จอมทอง,13.68844,100.46394,16.5,13.65904,100.43773,13.71596,100.48255,4,1015,
1036,10,Don Mueang,ดอนเมือง,13.92538,100.59123,35.4,13.88763,100.55889,13.95438,100.62255,3,1021,
1037,10,Rat Thewi,ราชเทวี,13.75759,100.53989,7.2,13.74789,100.51917,13.77434,100.56497,4,1040,
1038,10,Lat Phrao,ลาดพร้าว,13.82462,100.60861,19.4,13.79977,100.58834,13.84467,100.63712,2,1023,
1039,10,Watthana,วัฒนา,13.73096,100.58233,13.2,13.70467,100.55008,13.7484,100.60574,3,1011,
1040,10,Bang Khae,บางแค,13.71274,100.39547,40.9,13.6714,100.35936,13.74944,100.42782,4,1016,
1041,10,Lak Si,หลักสี่,13.87841,100.56853,23.2,13.84963,100.54363,13.91446,100.59481,2,1021,
1042,10,Sai Mai,สายไหม,13.91035,100.64978,40.6,13.87425,100.61113,13.95025,100.68695,3,1022,
1043,10,Khanna Yao,คันนายาว,13.82002,100.67558,26.9,13.78121,100.64599,13.85638,100.70496,2,1023,
1044,10,Saphan Sung,สะพานสูง,13.76151,100.68941,31.5,13.7325,100.65901,13.79768,100.7164,3,1024|1025,
1045,10,Wang Thong Lang,วังทองหลาง,13.7846,100.60251,8.0,13.7512,100.58838,13.80284,100.61506,4,1031,
1046,10,Khlong Sam Wa,คลองสามวา,13.87647,100.73831,124.5,13.81549,100.67546,13.93139,100.799,5,1051,
1047,10,Bang Na,บางนา,13.66914,100.62082,14.9,13.65364,100.58877,13.68302,100.65379,2,1026,
1048,10,Thawi Watthana,ทวีวัฒนา,13.77283,100.36785,57.0,13.73604,100.32791,13.80413,100.41106,2,1017,
1049,10,Thung Khu,ทุ่งครุ,13.63315,100.49625,31.6,13.60296,100.47033,13.66188,100.52104,2,1014,
1050,10,Bang Bon,บางบอน,13.65689,100.39253,35.6,13.6197,100.34684,13.69368,100.4468,4,1015,
1101,11,Mueang Samut Prakan,เมืองสมุทรปราการ,13.58256,100.64053,186.6,13.49197,100.55136,13.66381,100.78037,13,1027|1028,
1102,11,Bang Bo,บางบ่อ,13.58313,100.86472,238.5,13.47842,100.76586,13.6969,100.96097,8,1055|1056,
1103,11,Bang Phli,บางพลี,13.62708,100.72681,222.8,13.52177,100.64481,13.71678,100.78336,6,1054,
1104,11,Phra Pradaeng,พระประแดง,13.65919,100.55116,56.8,13.60514,100.51752,13.70548,100.5921,15,1013,
1105,11,Phra Samut Chedi,พระสมุทรเจดีย์,13.55941,100.52007,118.3,13.50198,100.45369,13.61856,100.59733,5,1029,
1106,11,Bang Sao Thong,บางเสาธง,13.63612,100.80998,115.1,13.55366,100.77216,13.71662,100.85935,3,1057,
1201,12,Mueang Nonthaburi,เมืองนนทบุรี,13.85408,100.48998,71.1,13.81604,100.42761,13.88912,100.55029,10,1100,
1202,12,Bang Kruai,บางกรวย,13.8133,100.41763,60.2,13.78892,100.3192,13.83386,100.51526,9,1113,
1203,12,Bang Yai,บางใหญ่,13.85346,100.36768,75.6,13.82256,100.29682,13.88337,100.44793,6,1114,
1204,12,Bang Bua Thong,บางบัวทอง,13.92572,100.3959,124.0,13.86737,100.34176,14.00045,100.45077,8,1111,
1205,12,Sai Noi,ไทรน้อย,14.00235,100.31134,216.8,13.86955,100.26407,14.12688,100.35576,7,1115,
1206,12,Pak Kret,ปากเกร็ด,13.92847,100.4966,115.5,13.87759,100.3805,13.98881,100.56755,12,1112,
1301,13,Mueang Pathum Thani,เมืองปทุมธานี,14.00594,100.54339,145.2,13.9512,100.46226,14.07425,100.60653,14,1200,
1302,13,Khlong Luang,คลองหลวง,14.09669,100.67581,297.2,13.99561,100.58214,14.21107,100.7555,7,1212,
1303,13,Thanyaburi,ธัญบุรี,14.03188,100.75926,113.0,13.96555,100.60143,14.09963,100.91484,6,1211|1213,
1304,13,Nong Suea,หนองเสือ,14.16527,100.84067,351.7,14.04477,100.75505,14.27595,100.95112,7,1217,
1305,13,Lat Lum Kaeo,ลาดหลุมแก้ว,14.04553,100.41377,187.5,13.97165,100.34404,14.11503,100.4966,7,1214,
1306,13,Lam Luk Ka,ลำลูกกา,13.9798,100.78931,308.7,13.91625,100.60514,14.06821,100.91484,8,1213|1215,
1307,13,Sam Khok,สามโคก,14.09207,100.51761,100.1,14.04715,100.42208,14.12864,100.58928,11,1216,
1401,14,Phra Nakhon Si Ayutthaya,พระนครศรีอยุธยา,14.35047,100.56118,140.2,14.27971,100.50495,14.40589,100.6297,21,1300,
1402,14,Tha Ruea,ท่าเรือ,14.53409,100.70692,113.5,14.49402,100.60184,14.56703,100.7827,10,1313,
1403,14,Nakhon Luang,นครหลวง,14.46614,100.62655,133.1,14.39323,100.57446,14.55422,100.68737,12,1326,
1404,14,Bang Sai,บางไทร,14.21528,100.4834,243.1,14.1159,100.41793,14.32549,100.58047,23,1319|1329,
1405,14,Bang Ban,บางบาล,14.38498,100.46281,136.7,14.30727,100.41628,14.4595,100.50824,16,1325,
1406,14,Bang Pa-In,บางปะอิน,14.2317,100.59661,236.8,14.12775,100.52703,14.32337,100.68284,18,1316|1317|1318,
1407,14,Bang Pahan,บางปะหัน,14.47241,100.5462,130.7,14.4047,100.49639,14.55422,100.60184,17,1322,
1408,14,Phak Hai,ผักไห่,14.44983,100.33981,174.6,14.3964,100.24612,14.50735,100.42021,16,1312|1328,
1409,14,Phachi,ภาชี,14.4391,100.72656,121.7,14.37024,100.66019,14.49499,100.78678,8,1314,
1410,14,Lat Bua Luang,ลาดบัวหลวง,14.16937,100.34237,237.3,14.11399,100.2129,14.22421,100.45452,7,1323,
1411,14,Wang Noi,วังน้อย,14.24868,100.72999,221.0,14.14312,100.61967,14.32966,100.82318,10,1317,
1412,14,Sena,เสนา,14.29373,100.3752,185.7,14.21917,100.27404,14.40246,100.43201,17,1311,
1413,14,Bang Sai,บางซ้าย,14.32005,100.30258,168.1,14.20441,100.23365,14.40717,100.37104,6,1327,
1414,14,Uthai,อุทัย,14.3552,100.69591,164.2,14.29906,100.61464,14.41603,100.78678,11,1321,
1415,14,Maha Rat,มหาราช,14.57517,100.54042,112.3,14.50766,100.49235,14.63003,100.60184,12,1315,
1416,14,Ban Phraek,บ้านแพรก,14.64691,100.54598,41.0,14.62441,100.50301,14.67319,100.60228,5,1324,
1501,15,Mueang Ang Thong,เมืองอ่างทอง,14.57941,100.44966,96.5,14.53234,100.39625,14.62683,100.50013,14,1400,
1502,15,Chaiyo,ไชโย,14.6683,100.46053,78.0,14.61771,100.41961,14.72673,100.50341,9,1414,
1503,15,Pa Mok,ป่าโมก,14.49568,100.44938,88.5,14.44715,100.39953,14.54004,100.4969,8,1413,
1504,15,Pho Thong,โพธิ์ทอง,14.67803,100.3437,193.2,14.6032,100.21522,14.74766,100.43176,15,1412,
1505,15,Sawaeng Ha,แสวงหา,14.74825,100.28744,139.4,14.69547,100.20542,14.79505,100.38158,7,1415,
1506,15,Wiset Chai Chan,วิเศษชัยชาญ,14.55715,100.32084,233.8,14.48286,100.19711,14.66286,100.40438,15,1411,
1507,15,Samko,สามโก้,14.59746,100.25791,79.5,14.53661,100.20979,14.65295,100.31938,5,1416,
1601,16,Mueang Lop Buri,เมืองลพบุรี,14.82758,100.68625,778.0,14.64999,100.50834,14.95937,100.88914,24,1324|1500|1521,
1602,16,Phatthana Nikhom,พัฒนานิคม,14.91463,101.01005,867.2,14.74198,100.82649,15.05876,101.33157,9,1514|1522|1822,
1603,16,Khok Samrong,โคกสำโรง,15.06104,100.77098,661.4,14.93616,100.61139,15.18713,100.93475,13,1512,
1604,16,Chai Badan,ชัยบาดาล,15.20326,101.12959,1139.1,15.02529,100.90339,15.38024,101.36308,17,1513|1519|1523,
1605,16,Tha Wung,ท่าวุ้ง,14.82722,100.50829,283.4,14.66992,100.422,14.94204,100.56312,11,1515|1518,
1606,16,Ban Mi,บ้านหมี่,15.05967,100.5475,569.0,14.92243,100.422,15.24271,100.65786,22,1511|1518,
1607,16,Tha Luang,ท่าหลวง,15.0561,101.19324,418.2,14.98275,101.04123,15.16379,101.36308,6,1523,
1608,16,Sa Bot,สระโบสถ์,15.23145,100.86453,315.8,15.15711,100.76095,15.31488,100.97731,5,1524,
1609,16,Khok Charoen,โคกเจริญ,15.41391,100.84621,597.6,15.29095,100.69048,15.56263,100.97705,5,1525,
1610,16,Lam Sonthi,ลำสนธิ,15.39487,101.34993,506.7,15.04697,101.29902,15.75302,101.40443,6,1513|1519,
1611,16,Nong Muang,หนองม่วง,15.27629,100.69208,395.1,15.14105,100.59011,15.44634,100.80399,6,1517,
1701,17,Mueang Sing Buri,เมืองสิงห์บุรี,14.90172,100.40122,133.3,14.81021,100.34157,15.00318,100.45432,8,1600,
1702,17,Bang Rachan,บางระจัน,14.89441,100.27867,194.8,14.82854,100.2027,14.95635,100.36743,8,1613,
1703,17,Khai Bang Rachan,ค่ายบางระจัน,14.81677,100.31143,104.1,14.7795,100.21543,14.87113,100.39306,6,1615,
1704,17,Phrom Buri,พรหมบุรี,14.77901,100.4442,79.9,14.7211,100.4084,14.85703,100.48469,7,1612|1616,
1705,17,Tha Chang,ท่าช้าง,14.77743,100.38767,36.6,14.743,100.34887,14.81694,100.41475,4,1614,
1706,17,In Buri,อินทร์บุรี,15.0245,100.34012,281.4,14.93722,100.22394,15.11841,100.44689,10,1611,
1801,18,Mueang Chai Nat,เมืองชัยนาท,15.18832,100.13392,293.6,15.08882,100.03838,15.26893,100.29362,9,1700,
1802,18,Manorom,มโนรมย์,15.31802,100.15315,263.3,15.24562,100.05607,15.41736,100.26503,7,1711|1717,
1803,18,Wat Sing,วัดสิงห์,15.20823,99.96525,286.2,15.13936,99.80863,15.29811,100.05816,7,1712,
1804,18,Sapphaya,สรรพยา,15.14622,100.25454,219.4,15.05891,100.17708,15.22313,100.35152,7,1715,
1805,18,Sankhaburi,สรรคบุรี,15.02678,100.16495,296.3,14.95346,100.0725,15.11777,100.28846,8,1714,
1806,18,Hankha,หันคา,15.04566,99.96167,539.5,14.90985,99.77167,15.14232,100.0871,8,1713|1716,
1807,18,Nong Mamong,หนองมะโมง,15.23742,99.82565,286.0,15.14061,99.72727,15.31772,99.93236,4,1712,
1808,18,Noen Kham,เนินขาม,14.99256,99.83631,254.2,14.90985,99.72377,15.14061,99.95172,3,1713,
1901,19,Mueang Saraburi,เมืองสระบุรี,14.49562,100.92146,187.0,14.41776,100.84518,14.56605,101.00021,11,1800,
1902,19,Kaeng Khoi,แก่งคอย,14.56125,101.06757,856.4,14.34238,100.93506,14.80994,101.24283,14,1811|1826,
1903,19,Nong Khae,หนองแค,14.36537,100.86045,302.2,14.24275,100.77236,14.45941,100.93926,18,1814|1823|1825,
1904,19,Wihan Daeng,วิหารแดง,14.35295,100.97853,163.8,14.27168,100.89155,14.43399,101.05329,6,1815,
1905,19,Nong Saeng,หนองแซง,14.48629,100.80552,74.2,14.43463,100.76431,14.53073,100.85015,9,1817,
1906,19,Ban Mo,บ้านหมอ,14.61011,100.70845,170.0,14.56243,100.62221,14.67579,100.80367,9,1813|1827,
1907,19,Don Phut,ดอนพุด,14.61004,100.61137,45.4,14.55422,100.58199,14.65505,100.64088,4,1821,
1908,19,Nong Don,หนองโดน,14.69913,100.69244,88.3,14.63588,100.63053,14.76006,100.74824,4,1819,
1909,19,Phra Phutthabat,พระพุทธบาท,14.71359,100.81069,245.7,14.59976,100.72453,14.7972,100.94363,9,1812,
1910,19,Sao Hai,เสาไห้,14.57855,100.83624,109.4,14.521,100.77865,14.66554,100.88839,12,1816,
1911,19,Muak Lek,มวกเหล็ก,14.81573,101.28505,799.9,14.4711,101.07544,15.07379,101.45016,6,1818|1822,
1912,19,Wang Muang,วังม่วง,14.82407,101.1414,281.8,14.69985,101.06098,14.91925,101.22823,3,1822,
1913,19,Chaloem Phra Kiet,เฉลิมพระเกียรติ,14.65457,100.9075,166.2,14.56553,100.85266,14.74377,100.96204,6,1800|1824,
2001,20,Mueang Chon Buri,เมืองชลบุรี,13.34512,100.99805,280.5,13.23844,100.89752,13.46083,101.07725,18,2000|2013,
2002,20,Ban Bueng,บ้านบึง,13.25278,101.17497,579.5,13.09217,101.05211,13.39002,101.31788,8,2017|2022,
2003,20,Nong Yai,หนองใหญ่,13.12609,101.37393,448.8,13.02481,101.21953,13.28215,101.5468,5,2019,
2004,20,Bang Lamung,บางละมุง,12.9244,100.98037,567.3,12.76761,100.85587,13.08466,101.08817,8,2015,
2005,20,Phan Thong,พานทอง,13.47655,101.08288,176.6,13.37605,101.0085,13.56489,101.13566,11,2016,
2006,20,Phanat Nikhom,พนัสนิคม,13.45893,101.21963,460.4,13.31383,101.11847,13.56991,101.36692,20,2014,
2007,20,Si Racha,ศรีราชา,13.12577,101.03938,622.2,13.00416,100.87896,13.26937,101.2198,8,2011|2023,
2008,20,Ko Sichang,เกาะสีชัง,13.14756,100.81246,3.5,13.12511,100.8082,13.17892,100.81979,1,2012,
2009,20,Sattahip,สัตหีบ,12.71714,100.92815,271.4,12.60237,100.83972,12.86464,101.01198,5,2018|2025,
2010,20,Bo Thong,บ่อทอง,13.24785,101.50223,856.2,13.07252,101.26677,13.38626,101.71714,6,2027,
2011,20,Ko Chan,เกาะจันทร์,13.40373,101.39993,259.6,13.3483,101.27108,13.46366,101.54731,2,2024,
2101,21,Mueang Rayong,เมืองระยอง,12.71314,101.3468,694.2,12.59016,101.09415,12.86756,101.52623,15,2100|2110|2115|2116,
2102,21,Ban Chang,บ้านฉาง,12.73177,101.05044,145.9,12.65625,100.99226,12.81512,101.09743,3,2113,
2103,21,Klaeng,แกลง,12.77827,101.65061,768.7,12.63137,101.50614,12.98172,101.82867,15,2111|2117|2119|2216,
2104,21,Wang Chan,วังจันทร์,12.97473,101.51748,345.5,12.84864,101.39409,13.10921,101.60235,4,2121,
2105,21,Ban Khai,บ้านค่าย,12.84538,101.35312,507.1,12.69721,101.22395,12.96896,101.49247,7,2112,
2106,21,Pluak Daeng,ปลวกแดง,12.98101,101.24751,520.9,12.86376,101.08279,13.08436,101.41594,6,2114,
2107,21,Khao Chamao,เขาชะเมา,12.99811,101.67853,460.5,12.83333,101.56852,13.16349,101.80988,4,2111,
2108,21,Nikhom Phatthana,นิคมพัฒนา,12.84474,101.14934,245.9,12.75124,101.05001,12.93078,101.23756,4,2118,
2201,22,Mueang Chanthaburi,เมืองจันทบุรี,12.6088,102.11575,288.6,12.51947,102.02266,12.73757,102.21097,11,2200,
2202,22,Khlung,ขลุง,12.5352,102.2941,710.2,12.29292,102.1475,12.80897,102.49117,12,2211|2215,
2203,22,Tha Mai,ท่าใหม่,12.73123,101.97882,564.5,12.54288,101.86086,12.92005,102.0843,14,2212|2217,
2204,22,Pong Nam Ron,โป่งน้ำร้อน,12.9383,102.37269,1039.4,12.75244,102.15479,13.15913,102.52962,5,2214,
2205,22,Makham,มะขาม,12.7378,102.22563,459.5,12.59045,102.10142,12.88515,102.33204,6,2215,
2206,22,Laem Sing,แหลมสิงห์,12.47058,102.11897,206.4,12.35789,101.97609,12.54478,102.2204,7,2212|2213|2219,
2207,22,Soi Dao,สอยดาว,13.1855,102.22527,831.2,13.03919,102.02829,13.33609,102.39998,5,2218,
2208,22,Kaeng Hang Maeo,แก่งหางแมว,13.0874,101.88536,1259.8,12.83602,101.69577,13.33325,102.05511,5,2216,
2209,22,Na Yai Am,นายายอาม,12.73809,101.87067,300.8,12.60183,101.78436,12.91183,101.95964,6,2216|2217,
2210,22,Khao Khitchakut,เขาคิชฌกูฏ,12.93967,102.09978,735.1,12.73557,101.95943,13.1601,102.23352,5,2221,
2301,23,Mueang Trat,เมืองตราด,12.25693,102.60232,948.8,11.98373,102.39844,12.46657,102.78239,14,2300,
2302,23,Khlong Yai,คลองใหญ่,11.90147,102.80603,54.6,11.78829,102.7684,11.98498,102.8713,3,2311,
2303,23,Khao Saming,เขาสมิง,12.43513,102.41315,688.9,12.25875,102.28594,12.64534,102.55173,8,2313|2315,
2304,23,Bo Rai,บ่อไร่,12.5591,102.56515,701.1,12.393,102.38529,12.75724,102.77835,5,2314,
2305,23,Laem Ngop,แหลมงอบ,12.22315,102.36214,166.6,12.16442,102.25776,12.29907,102.47221,4,2312,
2306,23,Ko Kut,เกาะกูด,11.65396,102.56953,117.4,11.563,102.52684,11.76089,102.60844,2,2300,
2307,23,Ko Chang,เกาะช้าง,12.04943,102.33619,215.3,11.97626,102.25175,12.15683,102.44661,2,2317,
2401,24,Mueang Chachoengsao,เมืองฉะเชิงเทรา,13.72482,101.01159,379.0,13.65242,100.86077,13.8044,101.14408,19,2400,
2402,24,Bang Khla,บางคล้า,13.73367,101.20687,223.6,13.61629,101.14254,13.86605,101.26949,9,2411,
2403,24,Bang Nam Priao,บางน้ำเปรี้ยว,13.88055,101.03442,455.0,13.77949,100.91398,13.96989,101.14962,10,2400|2415|2417,
2404,24,Bang Pakong,บางปะกง,13.53015,100.95611,227.5,13.46041,100.84839,13.63604,101.04066,12,2413|2418,
2405,24,Ban Pho,บ้านโพธิ์,13.61085,101.08969,255.3,13.55111,100.93755,13.66868,101.24612,17,2414,
2406,24,Phanom Sarakham,พนมสารคาม,13.73778,101.41495,511.6,13.60928,101.28187,13.86112,101.59132,8,2412,
2407,24,Ratchasan,ราชสาส์น,13.78375,101.28099,141.4,13.66442,101.24301,13.86605,101.33619,3,2412,
2408,24,Sanam Chai Khet,สนามชัยเขต,13.62009,101.64754,1067.7,13.44941,101.39574,13.77273,101.91507,4,2416,
2409,24,Pleang Yao,แปลงยาว,13.55799,101.34067,321.2,13.44463,101.21288,13.6746,101.49335,4,2419,
2410,24,Tha Takiap,ท่าตะเกียบ,13.39428,101.74102,1437.1,13.18221,101.48994,13.59997,101.9889,2,2416,
2411,24,Khlong Khuean,คลองเขื่อน,13.78071,101.15635,82.8,13.70927,101.11464,13.85308,101.20315,5,2400|2411,
2501,25,Mueang Prachin Buri,เมืองปราจีนบุรี,14.09611,101.39342,477.5,13.95863,101.27848,14.25509,101.49527,13,2500|2523,
2502,25,Kabin Buri,กบินทร์บุรี,13.89219,101.78714,1421.1,13.5856,101.59559,14.11849,101.96165,14,2511|2524,
2503,25,Na Di,นาดี,14.18345,101.86299,1199.1,14.01932,101.64897,14.39252,102.11057,6,2522,
2506,25,Ban Sang,บ้านสร้าง,13.94227,101.25002,423.6,13.84941,101.1378,14.05484,101.38089,9,2515,
2507,25,Prachantakham,ประจันตคาม,14.22674,101.55979,941.2,13.98664,101.4323,14.44628,101.67113,9,2513,
2508,25,Si Maha Phot,ศรีมหาโพธิ,13.88638,101.53649,448.7,13.73673,101.38819,14.00862,101.68711,10,2514,
2509,25,Si Mahosot,ศรีมโหสถ,13.87525,101.42449,130.1,13.78549,101.35163,13.96031,101.53891,4,2519,
2601,26,Mueang Nakhon Nayok,เมืองนครนายก,14.28084,101.23113,805.8,14.01151,101.06644,14.51248,101.42221,13,2600,
2602,26,Pak Phli,ปากพลี,14.22444,101.34477,454.4,14.04289,101.1965,14.38949,101.50178,7,2613,
2603,26,Ban Na,บ้านนา,14.27393,101.06149,360.7,14.14707,100.94644,14.41231,101.16572,10,2611,
2604,26,Ongkharak,องครักษ์,14.07213,101.01336,560.8,13.96128,100.91394,14.23713,101.17331,11,2612,
2701,27,Mueang Sa Kaeo,เมืองสระแก้ว,13.92147,102.10307,1340.2,13.68498,101.90457,14.15176,102.32596,8,2700,
2702,27,Khlong Hat,คลองหาด,13.47581,102.27429,509.2,13.29894,102.15353,13.642,102.359,7,2726,
2703,27,Ta Phraya,ตาพระยา,14.04516,102.72325,1016.0,13.85668,102.5022,14.17565,102.93036,5,2718,
2704,27,Wang Nam Yen,วังน้ำเย็น,13.51789,102.08309,408.0,13.43254,101.93717,13.65177,102.21864,4,2721,
2705,27,Watthana Nakhon,วัฒนานคร,13.89054,102.35547,1572.9,13.61244,102.15306,14.16585,102.58168,11,2716,
2706,27,Aranyaprathet,อรัญประเทศ,13.68848,102.47999,747.4,13.47695,102.30702,13.86812,102.6556,13,2712,
2707,27,Khao Chakan,เขาฉกรรจ์,13.62608,102.01546,413.2,13.47799,101.88917,13.76253,102.15384,4,2700,
2708,27,Khok Sung,โคกสูง,13.85144,102.63453,317.6,13.73648,102.53279,13.9463,102.76692,4,2712|2718,
2709,27,Wang Sombun,วังสมบูรณ์,13.36404,102.10437,509.7,13.23671,101.95199,13.48077,102.28378,3,2725,
3001,30,Mueang Nakhon Ratchasima,เมืองนครราชสีมา,14.9702,102.09545,744.5,14.79135,101.94193,15.13778,102.2283,25,3000|3028|3031,
3002,30,Khon Buri,ครบุรี,14.37605,102.21185,1858.8,14.1284,101.96655,14.63992,102.43141,12,3025,
3003,30,Soeng Sang,เสิงสาง,14.35733,102.47936,949.2,14.15459,102.35927,14.61455,102.6863,6,3033,
3004,30,Khong,คง,15.43354,102.29241,706.6,15.27301,102.01,15.54741,102.52772,10,3026,
3005,30,Ban Lueam,บ้านเหลื่อม,15.57613,102.14403,215.4,15.50177,102.03306,15.64615,102.24704,4,3035,
3006,30,Chakkarat,จักราช,14.95207,102.44009,542.2,14.80221,102.31452,15.13383,102.55204,8,3023,
3007,30,Chok Chai,โชคชัย,14.75737,102.20402,557.7,14.59214,102.10387,14.91833,102.32079,10,3019,
3008,30,Dan Khun Thot,ด่านขุนทด,15.22257,101.69772,1365.2,15.05133,101.38758,15.42046,101.92351,16,3021|3622,
3009,30,Non Thai,โนนไทย,15.18742,102.01424,541.4,15.07343,101.87147,15.31164,102.15885,10,3022,
3010,30,Non Sung,โนนสูง,15.21078,102.27029,687.5,15.02932,102.12064,15.37109,102.41841,16,3016|3024,
3011,30,Kham Sakaesaeng,ขามสะแกแสง,15.37884,102.17031,309.0,15.27938,102.04402,15.46617,102.29092,7,3029,
3012,30,Bua Yai,บัวใหญ่,15.58976,102.37872,525.0,15.45875,102.23307,15.72977,102.52056,10,3012,
3013,30,Prathai,ประทาย,15.57073,102.69444,552.9,15.43126,102.59781,15.72767,102.83348,13,3018,
3014,30,Pak Thong Chai,ปักธงชัย,14.66155,101.94316,978.8,14.49996,101.70791,14.84143,102.1311,16,3015,
3015,30,Phimai,พิมาย,15.24532,102.53654,870.5,15.08131,102.36676,15.45279,102.7002,12,3011,
3016,30,Huai Thalaeng,ห้วยแถลง,15.04506,102.63865,535.7,14.93372,102.48407,15.16631,102.80473,10,3024,
3017,30,Chum Phuang,ชุมพวง,15.26674,102.75798,670.9,15.08098,102.62705,15.45279,102.86821,9,3027,
3018,30,Sung Noen,สูงเนิน,14.85686,101.83161,776.3,14.68537,101.6787,15.07397,101.96838,11,3017|3038,
3019,30,Kham Thale So,ขามทะเลสอ,15.02665,101.93343,214.5,14.93123,101.83554,15.1106,101.99501,5,3028,
3020,30,Si Khio,สีคิ้ว,14.93933,101.60115,1211.3,14.69312,101.39968,15.10179,101.787,12,3014|3034,
3021,30,Pak Chong,ปากช่อง,14.61466,101.45861,1949.7,14.38371,101.18144,14.90216,101.73896,12,3013|3032,
3022,30,Nong Bunmak,หนองบุญมาก,14.71952,102.37168,538.2,14.59194,102.27011,14.8563,102.47115,9,3041,
3023,30,Kaeng Sanam Nang,แก้งสนามนาง,15.70333,102.24148,311.7,15.60728,102.12131,15.80341,102.36279,5,3044,
3024,30,Non Daeng,โนนแดง,15.45505,102.54394,170.1,15.37213,102.46111,15.53437,102.60826,5,3036,
3025,30,Wang Nam Khiao,วังน้ำเขียว,14.43383,101.86993,1068.8,14.22782,101.62279,14.64426,102.06602,5,3015|3037,
3026,30,Thepharak,เทพารักษ์,15.28667,101.50601,390.0,15.20186,101.38202,15.40236,101.63205,4,3021,
3027,30,Mueang Yang,เมืองยาง,15.44541,102.87848,265.0,15.38108,102.75444,15.52145,103.01007,4,3027,
3028,30,Phra Thong Kham,พระทองคำ,15.35107,101.98928,375.9,15.22376,101.8785,15.45822,102.11062,5,3022,
3029,30,Lamtaman Chai,ลำทะเมนชัย,15.28959,102.90793,269.7,15.16593,102.84478,15.40538,102.97447,4,3027,
3030,30,Bua Lai,บัวลาย,15.67598,102.51701,143.1,15.61073,102.42069,15.71665,102.60282,4,3012,
3031,30,Sida,สีดา,15.57303,102.54357,177.6,15.46544,102.46031,15.66979,102.60826,5,3043,
3032,30,Chaloem Phra Kiet,เฉลิมพระเกียรติ,14.98112,102.29554,286.6,14.86734,102.21074,15.12001,102.39316,5,3000|3023,
3101,31,Mueang Buri Ram,เมืองบุรีรัมย์,14.94143,103.06054,837.3,14.75343,102.91306,15.13788,103.21063,19,3100,
3102,31,Khu Mueang,คูเมือง,15.27577,103.03874,433.7,15.11231,102.9551,15.43651,103.13448,7,3119,
3103,31,Krasang,กระสัง,14.94868,103.3234,610.4,14.76666,103.19154,15.11559,103.44801,11,3116,
3104,31,Nang Rong,นางรอง,14.63531,102.76252,721.8,14.46113,102.60335,14.79471,102.9617,15,3111,
3105,31,Nong Ki,หนองกี่,14.72249,102.5594,495.5,14.5648,102.4579,14.85982,102.72829,10,3121,
3106,31,Lahan Sai,ละหานทราย,14.33667,102.88461,702.5,14.17019,102.74857,14.49119,103.03802,6,3117,
3107,31,Prakhon Chai,ประโคนชัย,14.61773,103.06221,832.7,14.43006,102.95073,14.83745,103.25662,16,3114,
3108,31,Ban Kruat,บ้านกรวด,14.39444,103.11263,576.1,14.25062,102.96916,14.58057,103.24576,9,3118,
3109,31,Phutthaisong,พุทไธสง,15.53674,102.99286,362.2,15.4328,102.83821,15.66678,103.1114,7,3112,
3110,31,Lam Plai Mat,ลำปลายมาศ,15.01597,102.86873,802.5,14.83607,102.69661,15.2068,103.02026,16,3113,
3111,31,Satuek,สตึก,15.21999,103.31898,636.1,15.09951,103.15558,15.34551,103.50544,12,3115,
3112,31,Pakham,ปะคำ,14.40693,102.66662,348.1,14.29917,102.56294,14.49646,102.76705,5,3122,
3113,31,Na Pho,นาโพธิ์,15.69662,102.94355,205.7,15.60282,102.87747,15.79583,103.01289,5,3123,
3114,31,Nong Hong,หนองหงส์,14.87196,102.65627,303.8,14.80176,102.54579,14.94688,102.80608,7,3124,
3115,31,Phlapphla Chai,พลับพลาชัย,14.73041,103.16859,254.0,14.62422,103.0853,14.82216,103.26629,5,3125,
3116,31,Huai Rat,ห้วยราช,15.00195,103.22536,173.5,14.90078,103.1477,15.11103,103.32588,8,3100,
3117,31,Non Din Daeng,โนนสุวรรณ,14.55736,102.57711,193.8,14.49409,102.48135,14.63541,102.64588,4,3111,
3118,31,Chamni,ชำนิ,14.7872,102.8332,242.3,14.71294,102.69473,14.85089,102.9331,6,3111,
3119,31,Ban Mai Chaiyaphot,บ้านใหม่ไชยพจน์,15.5755,102.84422,152.6,15.51083,102.77659,15.63674,102.91682,5,3112,
3120,31,Non Din Daeng,โนนดินแดง,14.22537,102.68321,536.8,14.13004,102.43453,14.37739,102.82076,3,3126,
3121,31,Ban Dan,บ้านด่าน,15.12106,103.18249,168.7,15.0384,103.12904,15.23964,103.25498,4,3100,
3122,31,Khaen Dong,แคนดง,15.3104,103.12969,227.5,15.23661,103.0321,15.40939,103.23533,4,3115,
3123,31,Chaloem Phra Kiet,เฉลิมพระเกียรติ,14.56705,102.8947,250.7,14.47908,102.80415,14.68249,102.95334,5,3111|3117,
3201,32,Mueang Surin,เมืองสุรินทร์,14.88801,103.51089,1080.2,14.68623,103.27913,15.14144,103.68996,21,3200,
3202,32,Chumphon Buri,ชุมพลบุรี,15.38088,103.36539,648.4,15.29175,103.10013,15.48128,103.59246,9,3219,
3203,32,Tha Tum,ท่าตูม,15.30561,103.63993,737.0,15.15269,103.43366,15.46743,103.8284,10,3212,
3204,32,Chom Phra,จอมพระ,15.13706,103.58411,285.9,15.04571,103.42529,15.20511,103.71916,9,3218,
3205,32,Prasat,ปราสาท,14.62624,103.40946,1029.0,14.48325,103.21071,14.77534,103.62958,18,3214,
3206,32,Kap Choeng,กาบเชิง,14.46734,103.56935,581.2,14.36533,103.38747,14.57126,103.75871,6,3221,
3207,32,Rattanaburi,รัตนบุรี,15.33819,103.89763,590.8,15.20246,103.75923,15.46596,104.06399,12,3213,
3208,32,Sanom,สนม,15.17483,103.77878,185.5,15.10802,103.69951,15.29476,103.86517,7,3216,
3209,32,Sikhoraphum,ศีขรภูมิ,14.95338,103.77724,774.8,14.76932,103.66143,15.12703,103.92813,15,3211,
3210,32,Sangkha,สังขะ,14.56688,103.83059,972.4,14.33666,103.62234,14.74858,104.05104,12,3215,
3211,32,Lamduan,ลำดวน,14.71369,103.68566,223.5,14.62865,103.60175,14.80417,103.76903,5,3222,
3212,32,Samrong Thap,สำโรงทาบ,15.05005,103.94142,292.5,14.90338,103.84944,15.16149,104.02039,10,3217,
3213,32,Buachet,บัวเชด,14.47923,103.97583,472.9,14.33666,103.88342,14.63838,104.05727,6,3223,
3214,32,Phanom Dong Rak,พนมดงรัก,14.42298,103.30853,295.4,14.32671,103.2114,14.5399,103.40983,4,3214,
3215,32,Si Narong,ศรีณรงค์,14.78147,103.8816,306.9,14.68745,103.75924,14.89952,104.00414,5,3215,
3216,32,Khwao Sinarin,เขวาสินรินทร์,15.01274,103.61229,140.7,14.94777,103.53861,15.0881,103.67175,5,3200,
3217,32,Non Narai,โนนนารายณ์,15.19939,103.90713,192.0,15.1105,103.84079,15.28861,103.98433,5,3213,
3301,33,Mueang Si Sa Ket,เมืองศรีสะเกษ,15.08636,104.3458,539.4,14.96296,104.21769,15.24763,104.47485,18,3300,
3302,33,Yang Chum Noi,ยางชุมน้อย,15.2411,104.38545,234.0,15.15071,104.29021,15.34188,104.48281,7,3319,
3303,33,Kanthararom,กันทรารมย์,15.13274,104.57228,751.0,14.97007,104.43172,15.28206,104.7142,16,3313,
3304,33,Kantharalak,กันทรลักษ์,14.5735,104.67075,1378.0,14.35643,104.4885,14.78861,104.90711,20,3311,
3305,33,Khukhan,ขุขันธ์,14.72659,104.19156,804.6,14.50171,103.99939,14.89996,104.31334,22,3314,
3306,33,Phrai Bueng,ไพรบึง,14.76622,104.35035,233.8,14.64845,104.2934,14.88732,104.4147,6,3318,
3307,33,Prang Ku,ปรางค์กู่,14.85602,104.03597,392.7,14.74785,103.90336,14.94472,104.13757,10,3317,
3308,33,Khun Han,ขุนหาญ,14.5385,104.41194,937.2,14.3469,104.25568,14.74987,104.54251,12,3315,
3309,33,Rasi Salai,ราษีไศล,15.34836,104.18226,511.2,15.22651,103.989,15.47241,104.34549,13,3316,
3310,33,Uthumphon Phisai,อุทุมพรพิสัย,15.12793,104.16204,457.4,14.9382,104.05175,15.28185,104.26827,19,3312,
3311,33,Bueng Bun,บึงบูรพ์,15.30461,104.06558,41.6,15.27643,104.01524,15.34951,104.1144,2,3322,
3312,33,Huai Thap Than,ห้วยทับทัน,15.02047,104.04179,206.7,14.93772,103.95601,15.13729,104.0962,6,3321,
3313,33,Non Khun,โนนคูณ,14.91,104.69357,261.7,14.81034,104.59115,15.02185,104.81448,5,3325,
3314,33,Si Rattana,ศรีรัตนะ,14.80862,104.48834,221.8,14.73607,104.39939,14.88708,104.60569,7,3324,
3315,33,Nam Kliang,น้ำเกลี้ยง,14.92209,104.52628,264.5,14.81698,104.42457,15.0087,104.62301,6,3313,
3316,33,Wang Hin,วังหิน,14.95692,104.2121,250.7,14.88715,104.11621,15.05157,104.30075,8,3327,
3317,33,Phu Sing,ภูสิงห์,14.48875,104.14704,662.4,14.34344,104.03242,14.63062,104.27679,7,3314,
3318,33,Mueang Chan,เมืองจันทร์,15.18073,104.02324,97.1,15.13182,103.97347,15.25221,104.09392,3,3312,
3319,33,Benchalak,เบญจลักษ์,14.79234,104.71567,264.7,14.70567,104.58489,14.86788,104.83797,5,3311,
3320,33,Phayu,พยุห์,14.91005,104.37445,186.5,14.83119,104.30058,14.97749,104.44621,5,3323,
3321,33,Pho Si Suwan,โพธิ์ศรีสุวรรณ,15.23894,104.06631,107.4,15.16317,103.99683,15.28955,104.12783,5,3312,
3322,33,Sila Lat,ศิลาลาด,15.48522,104.097,140.0,15.41243,104.02038,15.56313,104.17112,4,3316,
3401,34,Mueang Ubon Ratchathani,เมืองอุบลราชธานี,15.29856,104.83978,562.3,15.1826,104.68686,15.41411,105.03358,12,3400,
3402,34,Si Mueang Mai,ศรีเมืองใหม่,15.56313,105.35913,1032.0,15.37093,105.19134,15.75034,105.63218,11,3425,
3403,34,Khong Chiam,โขงเจียม,15.44475,105.49803,634.2,15.2582,105.3445,15.66704,105.63218,5,3422,
3404,34,Khueang Nai,เขื่องใน,15.40262,104.53814,863.2,15.22525,104.3723,15.56393,104.70871,18,3415|3432,
3405,34,Khemarat,เขมราฐ,15.97189,105.14635,548.3,15.80103,105.0042,16.09815,105.40895,9,3417,
3407,34,Det Udom,เดชอุดม,14.84769,105.08052,1331.6,14.61799,104.79761,15.03949,105.29673,16,3416,
3408,34,Na Chaluai,นาจะหลวย,14.55889,105.23071,572.6,14.36556,105.11703,14.73236,105.32492,6,3428,
3409,34,Nam Yuen,น้ำยืน,14.44419,105.06637,1046.5,14.23716,104.88581,14.66894,105.28375,7,3426,
3410,34,Boontharik,บุณฑริก,14.70386,105.40503,1427.7,14.3935,105.25352,14.95393,105.57997,8,3423,
3411,34,Trakan Phuet Phon,ตระการพืชผล,15.61278,105.06337,1013.3,15.42094,104.88754,15.77385,105.25111,23,3413,
3412,34,Kut Khaopun,กุดข้าวปุ้น,15.81507,105.04205,325.1,15.72714,104.90739,15.93715,105.16528,5,3427,
3414,34,Muang Sam Sip,ม่วงสามสิบ,15.52083,104.72152,663.1,15.36455,104.56611,15.68701,104.86981,14,3414,
3415,34,Warin Chamrap,วารินชำราบ,15.12022,104.85878,593.4,14.94231,104.68617,15.24195,104.99211,16,3419|3431,
3419,34,Phibun Mangsahan,พิบูลมังสาหาร,15.14915,105.24116,978.2,14.9407,105.06046,15.37105,105.38503,14,3411,
3420,34,Tan Sum,ตาลสุม,15.38963,105.15239,277.3,15.30668,105.04345,15.4864,105.26119,6,3433,
3421,34,Pho Sai,โพธิ์ไทร,15.76907,105.33739,546.9,15.63558,105.16244,15.89349,105.54583,6,3434,
3422,34,Samrong,สำโรง,14.9845,104.78618,392.3,14.83455,104.67199,15.08248,104.9046,9,3436,
3424,34,Don Mot Daeng,ดอนมดแดง,15.38171,105.02419,169.8,15.27945,104.94064,15.48788,105.11221,4,3400,
3425,34,Sirindhorn,สิรินธร,15.10947,105.44326,813.5,14.91178,105.28449,15.30359,105.62428,6,3435,
3426,34,Thung Si Udom,ทุ่งศรีอุดม,14.74007,104.91988,247.3,14.65141,104.81794,14.82921,105.00161,5,3416,
3429,34,Na Yia,นาเยีย,15.05509,105.053,263.3,14.9441,104.9724,15.18285,105.19018,3,3416,
3430,34,Na Tan,นาตาล,15.93766,105.27911,245.1,15.85515,105.13707,16.0031,105.39331,4,3417,
3431,34,Lao Suea Kok,เหล่าเสือโก้ก,15.4394,104.91032,239.2,15.34232,104.84135,15.54503,105.00719,4,3400,
3432,34,Sawang Wirawong,สว่างวีระวงศ์,15.23491,105.07017,255.6,15.16511,104.94116,15.3078,105.17147,4,3419,
3433,34,Nam Khun,น้ำขุ่น,14.57123,104.89779,286.8,14.42711,104.81646,14.67522,104.99543,4,3426,
3501,35,Mueang Yasothon,เมืองยโสธร,15.84517,104.16036,640.7,15.67516,104.00265,15.98422,104.37824,18,3500,
3502,35,Sai Mun,ทรายมูล,15.98565,104.19346,267.7,15.9017,104.09375,16.09759,104.33046,5,3517,
3503,35,Kut Chum,กุดชุม,16.05647,104.29233,573.6,15.9017,104.10692,16.22567,104.45193,9,3514,
3504,35,Kham Khuean Kaeo,คำเขื่อนแก้ว,15.65331,104.33345,519.3,15.53625,104.16827,15.76206,104.51201,13,3511|3518,
3505,35,Pa Tio,ป่าติ้ว,15.8505,104.39227,336.2,15.74574,104.26975,15.99393,104.50195,5,3515,
3506,35,Maha Chana Chai,มหาชนะชัย,15.51318,104.25755,412.8,15.40315,104.12174,15.60896,104.38592,10,3513,
3507,35,Kho Wang,ค้อวัง,15.38055,104.35729,188.7,15.28931,104.23286,15.45749,104.44694,4,3516,
3508,35,Loeng Nok Tha,เลิงนกทา,16.20101,104.5241,934.3,16.07118,104.27351,16.34659,104.825,10,3512,
3509,35,Thai Charoen,ไทยเจริญ,16.08312,104.44201,250.2,15.9765,104.32172,16.22061,104.54261,5,3512,
3601,36,Mueang Chaiyaphum,เมืองชัยภูมิ,15.90174,102.0348,1480.4,15.6203,101.75274,16.25148,102.25254,19,3600|3624,
3602,36,Ban Khwao,บ้านเขว้า,15.82711,101.83445,511.3,15.65684,101.69161,15.97478,101.97925,6,3617,
3603,36,Khon Sawan,คอนสวรรค์,15.93007,102.26962,500.5,15.77028,102.14123,16.07202,102.3852,9,3614,
3604,36,Kaset Sombun,เกษตรสมบูรณ์,16.30214,101.90229,1069.4,16.02678,101.67586,16.49468,102.05312,11,3612,
3605,36,Nong Bua Daeng,หนองบัวแดง,16.19921,101.62344,2122.0,15.95079,101.35481,16.45212,101.91991,8,3621,
3606,36,Chatturat,จัตุรัส,15.57041,101.84039,646.5,15.38925,101.73052,15.74245,101.99221,9,3613|3622,
3607,36,Bamnet Narong,บำเหน็จณรงค์,15.47023,101.64963,445.8,15.37196,101.50376,15.56698,101.80227,7,3616|3622,
3608,36,Nong Bua Rawe,หนองบัวระเหว,15.83256,101.63026,738.5,15.67211,101.45435,15.98047,101.81656,5,3625,
3609,36,Thep Sathit,เทพสถิต,15.592,101.474,968.9,15.3314,101.37003,15.88809,101.65942,5,3623,
3610,36,Phu Khiao,ภูเขียว,16.34794,102.15751,877.1,16.17277,101.96688,16.50165,102.35316,11,3611,
3611,36,Ban Thaen,บ้านแท่น,16.37465,102.35864,298.9,16.25418,102.23348,16.46107,102.45887,5,3619,
3612,36,Kaeng Khro,แก้งคร้อ,16.14123,102.22934,571.8,15.98169,102.08325,16.28722,102.41799,10,3615,
3613,36,Khon San,คอนสาร,16.54974,101.71282,1323.7,16.38072,101.44948,16.72759,102.06732,8,3618,
3614,36,Phakdi Chumphon,ภักดีชุมพล,15.96602,101.41337,586.2,15.73929,101.3267,16.18536,101.55017,4,3626,
3615,36,Noen Sa-Nga,เนินสง่า,15.56094,101.99013,277.1,15.45643,101.9119,15.68887,102.07335,4,3613,
3616,36,Sap Yai,ซับใหญ่,15.61069,101.64531,272.2,15.53734,101.5254,15.6848,101.73793,3,3613,
3701,37,Mueang Amnat Charoen,เมืองอำนาจเจริญ,15.88035,104.63616,897.2,15.73369,104.43348,16.01548,104.8215,19,3700,
3702,37,Chanuman,ชานุมาน,16.11984,104.92888,597.1,15.9996,104.76607,16.27913,105.06026,5,3721,
3703,37,Pathum Ratchawongsa,ปทุมราชวงศา,15.89672,104.89501,508.3,15.74858,104.78403,16.00863,105.00994,7,3711,
3704,37,Phana,พนา,15.66778,104.85134,271.9,15.53834,104.77638,15.78625,104.93314,4,3718,
3705,37,Senangkhanikhom,เสนางคนิคม,16.05266,104.68911,339.2,15.96537,104.53137,16.12336,104.81837,6,3729,
3706,37,Hua Taphan,หัวตะพาน,15.67645,104.52495,426.5,15.55638,104.41891,15.77926,104.63743,8,3724,
3707,37,Lue Amnat,ลืออำนาจ,15.70994,104.70614,260.2,15.60369,104.60513,15.8012,104.80755,7,3700,
3801,38,Bueng Kan,เมืองบึงกาฬ,18.31738,103.59679,881.0,18.12026,103.30824,18.44798,103.89345,12,3800,
3802,38,Phon Charoen,พรเจริญ,18.07293,103.64927,429.5,17.9405,103.53408,18.19888,103.77451,7,3815,
3803,38,So Phisai,โซ่พิสัย,18.14642,103.44886,628.5,17.9877,103.29597,18.32307,103.58464,7,3817,
3804,38,Seka,เซกา,17.98873,103.90281,886.2,17.77098,103.70894,18.21848,104.08996,9,3815,
3805,38,Pak Khat,ปากคาด,18.27577,103.33865,258.4,18.16433,103.24391,18.43414,103.43949,6,3819,
3806,38,Bueng Khong Long,บึงโขงหลง,18.028,104.07521,353.9,17.87816,103.9552,18.17036,104.18998,4,3822,
3807,38,Si Wilai,ศรีวิไล,18.1602,103.78416,329.4,18.04538,103.64761,18.27574,103.89345,5,3819,
3808,38,Bung Khla,บุ่งคล้า,18.2366,103.96672,258.5,18.16098,103.87278,18.33603,104.08405,3,3800,
3901,39,Mueang Nong Bua Lam Phu,เมืองหนองบัวลำภู,17.15854,102.39996,976.5,16.92642,102.23618,17.37582,102.59269,15,3900,
3902,39,Na Klang,นากลาง,17.33102,102.2203,629.6,17.14664,102.10505,17.49786,102.42118,9,3917|3935,
3903,39,Non Sang,โนนสัง,16.90672,102.53109,657.2,16.772,102.38506,17.04082,102.67899,10,3914,
3904,39,Si Bun Rueang,ศรีบุญเรือง,17.00297,102.20884,884.5,16.81527,102.02921,17.18196,102.40516,12,3918,
3905,39,Suwannakhuha,สุวรรณคูหา,17.54644,102.24005,598.3,17.41,102.08323,17.67684,102.39861,8,3927,
3906,39,Na Wang,นาวัง,17.33669,102.06518,328.9,17.16438,101.98379,17.45409,102.13878,5,3917,
4001,40,Mueang Khon Kaen,เมืองขอนแก่น,16.46188,102.80513,1002.0,16.21794,102.63141,16.63669,103.02077,18,4000|4026,
4002,40,Ban Fang,บ้านฝาง,16.49696,102.60915,330.3,16.34297,102.52232,16.66035,102.69703,7,4027,
4003,40,Phra Yuen,พระยืน,16.31845,102.66947,220.8,16.24425,102.52691,16.38064,102.7757,5,4032,
4004,40,Nong Ruea,หนองเรือ,16.49329,102.44443,499.3,16.35505,102.3008,16.62732,102.57633,10,4021|4024,
4005,40,Chum Phae,ชุมแพ,16.61445,102.09991,666.5,16.44824,101.94051,16.86169,102.30096,12,4013|4029,
4006,40,Si Chomphu,สีชมพู,16.7677,102.12243,521.3,16.61816,102.00426,16.88952,102.23443,10,4022,
4007,40,Nam Phong,น้ำพอง,16.70186,102.88316,719.8,16.52979,102.71857,16.86493,103.01438,12,4014|4031,
4008,40,Ubolratana,อุบลรัตน์,16.77352,102.67305,441.8,16.62356,102.55818,16.96609,102.75159,6,4025,
4009,40,Kranuan,กระนวน,16.76224,103.08664,500.7,16.6265,102.98987,16.91262,103.17951,9,4017,
4010,40,Ban Phai,บ้านไผ่,16.05011,102.76762,495.1,15.87701,102.63881,16.18705,102.90134,10,4011,
4011,40,Pueai Noi,เปือยน้อย,15.89492,102.86404,134.1,15.81693,102.78112,15.97119,102.92688,4,4034,
4012,40,Phon,พล,15.81165,102.59258,434.5,15.71246,102.45325,15.93287,102.69628,12,4012,
4013,40,Waeng Yai,แวงใหญ่,15.93217,102.4576,226.0,15.87189,102.35336,15.99484,102.57144,5,4033,
4014,40,Waeng Noi,แวงน้อย,15.80393,102.41996,309.5,15.69505,102.32756,15.90085,102.51645,6,4023,
4015,40,Nong Song Hong,หนองสองห้อง,15.76709,102.78829,523.3,15.63359,102.67906,15.90355,102.93046,12,4019,
4016,40,Phu Wiang,ภูเวียง,16.67415,102.45871,602.7,16.54617,102.2783,16.80686,102.60616,11,4015,
4017,40,Mancha Khiri,มัญจาคีรี,16.21866,102.52068,687.3,16.07924,102.34532,16.39469,102.6868,8,4016,
4018,40,Chonnabot,ชนบท,16.02744,102.55986,297.0,15.90797,102.4269,16.13666,102.6531,8,4018,
4019,40,Khao Suan Kwang,เขาสวนกวาง,16.91809,102.77861,366.2,16.78571,102.66933,17.08701,102.92899,5,4028,
4020,40,Phu Phaman,ภูผาม่าน,16.72125,101.87073,311.9,16.63027,101.75082,16.8357,101.95491,5,4035,
4021,40,Sam Sung,ซำสูง,16.56783,103.04421,222.5,16.47648,102.95982,16.63475,103.15049,5,4017,
4022,40,Khok Pho Chai,โคกโพธิ์ไชย,16.07253,102.38927,253.3,15.98589,102.27991,16.16056,102.49289,4,4016,
4023,40,Nong Na Kham,หนองนาคำ,16.81627,102.33097,176.4,16.73349,102.21309,16.89106,102.43358,3,4015,
4024,40,Ban Haet,บ้านแฮด,16.20753,102.76612,212.5,16.13708,102.68199,16.29247,102.84615,4,4011,
4025,40,Non Sila,โนนศิลา,15.96771,102.68428,184.7,15.89536,102.60311,16.06133,102.7684,5,4011,
4029,40,Wiang Kao,เวียงเก่า,16.69899,102.2644,312.2,16.58868,102.15747,16.85339,102.36068,3,4014,
4101,41,Mueang Udon Thani,เมืองอุดรธานี,17.39522,102.78947,1106.6,17.20404,102.59859,17.57184,102.96222,21,4100|4133,
4102,41,Kut Chap,กุดจับ,17.4454,102.53471,440.3,17.33833,102.3849,17.53339,102.70068,7,4125,
4103,41,Nong Wua So,หนองวัวซอ,17.19941,102.58731,653.4,16.99375,102.43773,17.37485,102.70005,8,4122|4136,
4104,41,Kumphawapi,กุมภวาปี,17.09349,102.98807,711.4,16.88381,102.79967,17.26337,103.15513,13,4111|4137,
4105,41,Non Sa-At,โนนสะอาด,16.95111,102.8998,436.0,16.83791,102.7097,17.1024,103.03591,6,4124,
4106,41,Nong Saeng,หนองหาน,17.35855,103.10389,689.1,17.22089,102.9477,17.4976,103.30139,12,4113|4132,
4107,41,Thung Fon,ทุ่งฝน,17.50361,103.21532,269.9,17.41838,103.12944,17.59165,103.32045,4,4131,
4108,41,Chai Wan,ไชยวาน,17.22198,103.28175,334.5,17.11203,103.17059,17.34294,103.44049,4,4129,
4109,41,Si That,ศรีธาตุ,17.04439,103.22929,490.2,16.92407,103.05146,17.15628,103.37282,7,4123,
4110,41,Wang Sam Mo,วังสามหมอ,17.04516,103.45569,809.5,16.80307,103.31707,17.22992,103.66212,6,4128,
4111,41,Ban Dung,บ้านดุง,17.71439,103.26572,929.7,17.54935,103.11653,17.90458,103.41454,13,4119,
4117,41,Ban Phue,บ้านผือ,17.67545,102.44561,1172.9,17.45219,102.25569,17.98062,102.73155,13,4116,
4118,41,Nam Som,น้ำโสม,17.74823,102.18532,597.8,17.63432,102.03643,17.88497,102.31893,7,4121,
4119,41,Phen,เพ็ญ,17.66443,102.92693,911.5,17.4706,102.69327,17.89821,103.11676,11,4115,
4120,41,Sang Khom,สร้างคอม,17.78798,103.05114,252.4,17.69599,102.95707,17.88574,103.12711,6,4126,
4121,41,Nong Saeng,หนองแสง,17.14842,102.78029,319.3,17.03315,102.66995,17.24451,102.87951,4,4134,
4122,41,Na Yung,นายูง,17.9336,102.12866,544.5,17.79792,102.02427,18.08617,102.27593,4,4138,
4123,41,Phibun Rak,พิบูลย์รักษ์,17.52511,103.06557,211.5,17.4549,102.95485,17.61934,103.15591,3,4113,
4124,41,Ku Kaeo,กู่แก้ว,17.16791,103.16227,141.6,17.10145,103.08394,17.23623,103.24463,4,4113,
4125,41,Prachaksinlapakhom,ประจักษ์ศิลปาคม,17.24551,102.98269,143.5,17.20328,102.90056,17.32047,103.08856,3,4111,
4201,42,Mueang Loei,เมืองเลย,17.53754,101.71632,1313.0,17.35745,101.50144,17.72962,101.91841,14,4200|4210,
4202,42,Na Duang,นาด้วง,17.54374,101.99282,573.7,17.40362,101.86767,17.68071,102.12918,4,4221,
4203,42,Chiang Khan,เชียงคาน,17.82402,101.73066,884.5,17.67754,101.52187,18.06571,101.90172,8,4211,
4204,42,Pak Chom,ปากชม,17.90132,101.95538,888.6,17.65029,101.7779,18.21351,102.10566,6,4215,
4205,42,Dan Sai,ด่านซ้าย,17.23232,101.22099,1321.7,16.89956,101.0512,17.53364,101.47503,10,4212,
4206,42,Na Haeo,นาแห้ว,17.44134,100.99419,603.9,17.27982,100.83478,17.5838,101.12371,5,4217,
4207,42,Phu Ruea,ภูเรือ,17.39626,101.39598,700.0,17.26152,101.22462,17.56236,101.53514,6,4216,
4208,42,Tha Li,ท่าลี่,17.61642,101.4337,671.0,17.48853,101.24741,17.77651,101.59195,6,4214,
4209,42,Wang Saphung,วังสะพุง,17.26791,101.71848,1055.0,17.13531,101.46971,17.44109,101.98189,10,4213,
4210,42,Phu Kradueng,ภูกระดึง,16.90064,101.84429,787.5,16.75988,101.67256,17.05015,102.06852,4,4218,
4211,42,Phu Luang,ภูหลวง,17.09687,101.62421,574.9,16.95867,101.46971,17.2076,101.7881,5,4223,
4212,42,Pha Khao,ผาขาว,17.05531,102.01223,381.8,16.95067,101.90976,17.15425,102.15172,5,4224,
4213,42,Erawan,เอราวัณ,17.28248,101.97708,336.1,17.14927,101.86471,17.41759,102.09678,4,4222,
4214,42,Nong Hin,หนองหิน,17.07794,101.82333,293.4,16.99294,101.70932,17.18085,101.92238,3,4219,
4301,43,Mueang Nong Khai,เมืองหนองคาย,17.8362,102.78897,493.1,17.68589,102.65098,18.00544,103.00973,16,4300|4310,
4302,43,Tha Bo,ท่าบ่อ,17.79876,102.56324,331.4,17.68347,102.44035,17.92051,102.67213,10,4311,
4305,43,Phon Phisai,โพนพิสัย,17.9525,103.1126,817.0,17.82369,102.87564,18.16367,103.35891,11,4312,
4307,43,Si Chiang Mai,ศรีเชียงใหม่,17.93607,102.50298,163.2,17.87163,102.38643,18.00198,102.61393,4,4313,
4308,43,Sangkhom,สังคม,18.06144,102.21366,416.6,17.92274,102.05514,18.21351,102.40265,5,4316,
4314,43,Sakhrai,สระใคร,17.66638,102.69848,196.7,17.60354,102.59671,17.76086,102.79699,3,4310,
4315,43,Fao Rai,เฝ้าไร่,18.00031,103.2965,369.6,17.85684,103.17685,18.12038,103.40515,5,4312,
4316,43,Rattanawapi,รัตนวาปี,18.19274,103.23959,291.8,18.11077,103.13821,18.30525,103.36639,5,4312,
4317,43,Pho Tak,โพธิ์ตาก,17.89499,102.42456,115.0,17.81993,102.35596,17.97384,102.50155,3,4313,
4401,44,Mueang Maha Sarakham,เมืองมหาสารคาม,16.13117,103.31332,544.4,15.97604,103.11958,16.23899,103.50228,14,4400,
4402,44,Kae Dam,แกดำ,16.05309,103.39382,181.2,15.98167,103.32899,16.11847,103.46333,5,4419,
4403,44,Kosum Phisai,โกสุมพิสัย,16.24374,102.99919,807.5,16.10434,102.84386,16.4367,103.17321,17,4414,
4404,44,Kantharawichai,กันทรวิชัย,16.27967,103.2736,410.8,16.19407,103.15083,16.36343,103.4149,10,4415,
4405,44,Chiang Yuen,เชียงยืน,16.41896,103.07715,324.6,16.31738,102.9495,16.51573,103.17542,8,4416,
4406,44,Borabue,บรบือ,15.99534,103.12468,684.8,15.84145,102.9421,16.17092,103.26502,15,4413,
4407,44,Na Chueak,นาเชือก,15.80604,103.03893,465.1,15.70117,102.90117,15.91078,103.17948,10,4417,
4408,44,Phayakkhaphum Phisai,พยัคฆภูมิพิสัย,15.52612,103.24492,599.7,15.40896,103.05281,15.65533,103.4174,14,4411,
4409,44,Wapi Pathum,วาปีปทุม,15.86878,103.34069,671.2,15.71249,103.14948,16.00882,103.48819,15,4412,
4410,44,Na Dun,นาดูน,15.72785,103.23477,268.3,15.64962,103.12355,15.80115,103.3446,9,4418,
4411,44,Yang Sisurat,ยางสีสุราช,15.65026,103.09527,202.2,15.59275,103.008,15.70412,103.2144,7,4421,
4412,44,Kut Rang,กุดรัง,16.04092,102.95362,340.9,15.90907,102.84786,16.14706,103.07853,5,4413,
4413,44,Chuen Chom,ชื่นชม,16.54256,103.14341,102.6,16.45874,103.08524,16.6436,103.18706,4,4416,
4501,45,Mueang Roi Et,เมืองร้อยเอ็ด,16.02478,103.60757,479.7,15.86387,103.46505,16.16344,103.72249,15,4500,
4502,45,Kaset Wisai,เกษตรวิสัย,15.59503,103.56237,843.0,15.42655,103.40327,15.77147,103.6951,13,4515,
4503,45,Pathum Rat,ปทุมรัตต์,15.62919,103.38452,349.6,15.53674,103.26712,15.71714,103.49444,8,4519,
4504,45,Chaturaphak Phiman,จตุรพักตรพิมาน,15.82669,103.55287,489.6,15.72097,103.41969,15.93874,103.69685,12,4518,
4505,45,Thawat Buri,ธวัชบุรี,16.03292,103.77524,357.1,15.91537,103.67995,16.15712,103.90053,12,4517,
4506,45,Phanom Phrai,พนมไพร,15.69019,104.07083,450.8,15.55052,103.94281,15.81037,104.20946,13,4514,
4507,45,Phon Thong,โพนทอง,16.29228,103.96553,665.5,16.14639,103.84091,16.45255,104.13028,14,4511,
4508,45,Pho Chai,โพธิ์ชัย,16.33158,103.79998,379.5,16.18214,103.70597,16.4701,103.88959,9,4523,
4509,45,Nong Phok,หนองพอก,16.30781,104.21233,556.5,16.1493,104.06408,16.4524,104.348,9,4521,
4510,45,Selaphum,เสลภูมิ,16.05385,104.00026,714.4,15.80248,103.8286,16.22412,104.19917,18,4512,
4511,45,Suwannaphum,สุวรรณภูมิ,15.60497,103.80184,827.9,15.438,103.6401,15.77821,103.9671,15,4513,
4512,45,Mueang Suang,เมืองสรวง,15.78539,103.74761,139.3,15.71413,103.69478,15.86387,103.85188,5,4522,
4513,45,Phon Sai,โพนทราย,15.49234,103.94166,231.7,15.40698,103.85178,15.55835,104.05998,5,4524,
4514,45,At Samat,อาจสามารถ,15.84226,103.86092,421.2,15.70509,103.69685,15.93882,103.99201,10,4516,
4515,45,Moei Wadi,เมยวดี,16.38013,104.11353,153.2,16.29682,104.02129,16.44595,104.23786,4,4525,
4516,45,Si Somdet,ศรีสมเด็จ,16.01469,103.50992,148.5,15.93134,103.45814,16.13011,103.57376,8,4500|4528,
4517,45,Changhan,จังหาร,16.17115,103.60788,162.8,16.11695,103.48344,16.22153,103.70909,8,4500,
4518,45,Chiang Khwan,เชียงขวัญ,16.15642,103.75022,137.8,16.07559,103.68652,16.22084,103.83816,6,4500|4517,
4519,45,Nong Hi,หนองฮี,15.58131,104.01437,169.6,15.50242,103.936,15.65673,104.08553,4,4514,
4520,45,Thung Khao Luang,ทุ่งเขาหลวง,15.99425,103.87158,139.4,15.92502,103.82009,16.06557,103.93483,5,4517,
4601,46,Mueang Kalasin,เมืองกาฬสินธุ์,16.51657,103.55637,728.2,16.34066,103.41204,16.67676,103.7044,17,4600,
4602,46,Na Mon,นามน,16.58442,103.78376,239.5,16.48905,103.68683,16.67504,103.89061,5,4623,
4603,46,Kamalasai,กมลาไสย,16.28905,103.61157,372.2,16.19264,103.45255,16.38632,103.70942,8,4613,
4604,46,Rong Kham,ร่องคำ,16.28738,103.72356,48.8,16.2196,103.70473,16.36467,103.75411,3,4621,
4605,46,Kuchinarai,กุฉินารายณ์,16.52451,104.04284,777.4,16.39088,103.82284,16.67977,104.23786,12,4611,
4606,46,Khao Wong,เขาวง,16.68035,104.10459,241.6,16.59786,103.99147,16.78421,104.19909,6,4616,
4607,46,Yang Talat,ยางตลาด,16.43945,103.34956,690.1,16.286,103.16391,16.61877,103.51051,15,4612,
4608,46,Huai Mek,ห้วยเม็ก,16.58413,103.24672,325.9,16.48764,103.1524,16.77112,103.37384,9,4617,
4609,46,Sahatsakhan,สหัสขันธ์,16.71722,103.58146,319.3,16.62981,103.4602,16.83976,103.69632,8,4614,
4610,46,Kham Muang,คำม่วง,16.943,103.64181,393.7,16.76684,103.5302,17.09285,103.76316,6,4618,
4611,46,Tha Khantho,ท่าคันโท,16.89079,103.24128,343.3,16.7862,103.09812,16.96784,103.40076,6,4619,
4612,46,Nong Kung Si,หนองกุงศรี,16.72665,103.32647,634.2,16.60659,103.17137,16.85481,103.47738,9,4622,
4613,46,Somdet,สมเด็จ,16.78174,103.75778,493.3,16.598,103.6371,16.96431,103.90706,8,4615,
4614,46,Huai Phueng,ห้วยผึ้ง,16.68473,103.88741,303.5,16.56839,103.79763,16.80291,103.96458,4,4624,
4615,46,Sam Chai,สามชัย,16.88024,103.52532,321.3,16.7597,103.42163,17.06273,103.59759,4,4618,
4616,46,Na Khu,นาคู,16.76262,104.01212,183.4,16.63458,103.9503,16.85594,104.09871,5,4616,
4617,46,Don Chan,ดอนจาน,16.47451,103.7177,248.9,16.38438,103.59791,16.56893,103.832,5,4600,
4618,46,Khong Chai,ฆ้องชัย,16.25453,103.47661,109.0,16.19965,103.41107,16.34284,103.54787,5,4613,
4701,47,Mueang Sakon Nakhon,เมืองสกลนคร,17.17097,104.09599,989.7,17.00161,103.91483,17.38887,104.32719,16,4700|4722,
4702,47,Kusuman,กุสุมาลย์,17.353,104.26356,470.3,17.27036,104.07248,17.42938,104.41605,5,4721|4723,
4703,47,Kut Bak,กุดบาก,17.08081,103.80205,488.3,16.97127,103.64484,17.18238,103.98304,3,4718,
4704,47,Phanna Nikhom,พรรณานิคม,17.31597,103.89598,706.1,17.15567,103.7169,17.46538,104.06281,10,4713|4722,
4705,47,Phanh Khon,พังโคน,17.38567,103.75457,271.7,17.26024,103.64028,17.46538,103.85723,5,4716,
4706,47,Waritchaphum,วาริชภูมิ,17.26019,103.61257,381.8,17.15172,103.47026,17.36615,103.72943,5,4715,
4707,47,Nikhom Nam Un,นิคมน้ำอูน,17.17373,103.72203,149.2,17.1147,103.61353,17.23953,103.85962,4,4727,
4708,47,Wanon Niwat,วานรนิวาส,17.63099,103.74637,1111.3,17.43471,103.51173,17.82602,103.94454,14,4712,
4709,47,Kham Ta Kla,คำตากล้า,17.82967,103.78922,355.8,17.73277,103.63324,17.94156,103.91813,4,4725,
4710,47,Ban Muang,บ้านม่วง,17.89709,103.5273,758.6,17.7516,103.36776,18.08805,103.7035,9,4714,
4711,47,Akat Amnuai,อากาศอำนวย,17.6377,103.97752,571.5,17.46211,103.87612,17.82228,104.07115,8,4717,
4712,47,Sawang Daen Din,สว่างแดนดิน,17.46447,103.45473,965.0,17.26953,103.2538,17.684,103.66566,16,4711|4724,
4713,47,Song Dao,ส่องดาว,17.31376,103.44587,333.2,17.21325,103.2997,17.417,103.56958,4,4719,
4714,47,Tao Ngoi,เต่างอย,16.93834,104.14789,309.3,16.8213,104.02281,17.07276,104.26678,4,4726,
4715,47,Khok Si Suphan,โคกศรีสุพรรณ,17.02746,104.29854,248.9,16.92042,104.19645,17.13062,104.39669,4,4728,
4716,47,Charoen Sin,เจริญศิลป์,17.64211,103.53593,385.1,17.51303,103.40314,17.75536,103.67063,5,4729,
4717,47,Phon Na Kaeo,โพนนาแก้ว,17.20802,104.31768,362.5,17.09942,104.18229,17.31586,104.43507,5,4723,
4718,47,Phu Phan,ภูพาน,16.93047,103.92548,682.8,16.77607,103.74,17.04406,104.10216,4,4718,
4801,48,Mueang Nakhon Phanom,เมืองนครพนม,17.32752,104.6567,773.8,17.12754,104.41271,17.49151,104.80061,15,4800,
4802,48,Pla Pak,ปลาปาก,17.2012,104.54313,525.2,17.07395,104.40565,17.33249,104.68376,8,4816,
4803,48,Tha Uthen,ท่าอุเทน,17.61621,104.49228,534.5,17.42694,104.2998,17.84539,104.72793,9,4812,
4804,48,Ban Phaeng,บ้านแพง,17.87049,104.22029,327.4,17.72902,104.11182,18.02374,104.3008,6,4814,
4805,48,That Phanom,ธาตุพนม,16.9573,104.70467,365.3,16.79042,104.62833,17.17931,104.78842,12,4811,
4806,48,Renu Nakhon,เรณูนคร,17.05476,104.64522,242.6,16.95156,104.57326,17.16286,104.71665,8,4817,
4807,48,Na Kae,นาแก,16.94255,104.46339,618.7,16.83777,104.25218,17.09684,104.63332,12,4813,
4808,48,Si Songkhram,ศรีสงคราม,17.63263,104.23316,781.8,17.50119,104.06658,17.78663,104.41259,9,4815,
4809,48,Na Wa,นาหว้า,17.49577,104.09817,321.0,17.37794,104.01574,17.65158,104.19778,6,4818,
4810,48,Phon Sawan,โพนสวรรค์,17.46551,104.4167,587.0,17.3614,104.17852,17.5521,104.64757,7,4819,
4811,48,Na Thom,นาทม,17.84019,104.10234,290.4,17.74021,103.99929,17.95593,104.1911,3,4814,
4812,48,Wang Yang,วังยาง,17.07323,104.44285,157.8,17.00151,104.36237,17.13865,104.52848,4,4813,
4901,49,Mueang Mukdahan,เมืองมุกดาหาร,16.54521,104.62775,1254.2,16.27035,104.44597,16.79227,104.86013,13,4900,
4902,49,Nikhom Kham Soi,นิคมคำสร้อย,16.34762,104.55514,374.7,16.21124,104.40004,16.45654,104.66335,7,4913,
4903,49,Don Tan,ดอนตาล,16.29541,104.81397,484.5,16.18785,104.66135,16.42883,104.97872,7,4912,
4904,49,Don Tan,ดงหลวง,16.79609,104.35219,930.5,16.66002,104.07011,16.90693,104.65999,6,4914,
4905,49,Khamcha-I,คำชะอี,16.61385,104.3416,668.8,16.46961,104.17708,16.7613,104.50587,9,4911,
4906,49,Wan Yai,หว้านใหญ่,16.71479,104.72373,111.6,16.62618,104.69236,16.80471,104.76295,5,4915,
4907,49,Nong Sung,หนองสูง,16.44477,104.34319,301.3,16.32321,104.22107,16.54219,104.47402,6,4916,
5001,50,Mueang Chiang Mai,เมืองเชียงใหม่,18.78502,98.96204,208.6,18.69936,98.86761,18.87524,99.04857,16,5000|5010|5020|5030,
5002,50,Chom Thong,จอมทอง,18.37562,98.60568,1117.3,18.14936,98.42061,18.5998,98.78273,6,5016|5024,
5003,50,Mae Chaem,แม่แจ่ม,18.5959,98.30919,2769.8,18.222,98.07405,18.93831,98.55975,7,5027,
5004,50,Chiang Dao,เชียงดาว,19.5111,98.90605,2235.5,19.26237,98.58517,19.81158,99.15609,7,5017,
5005,50,Doi Saket,ดอยสะเก็ด,18.94281,99.21839,632.4,18.78921,99.05618,19.09565,99.4018,14,5022,
5006,50,Mae Taeng,แม่แตง,19.18119,98.84955,1412.2,19.03218,98.58559,19.35398,99.15462,13,5015|5033,
5007,50,Mae Rim,แม่ริม,18.94401,98.87888,473.3,18.838,98.7476,19.07631,98.99999,11,5018|5033,
5008,50,Samoeng,สะเมิง,18.91455,98.63947,1015.5,18.72736,98.41072,19.07631,98.81567,5,5025,
5009,50,Fang,ฝาง,19.88818,99.16615,830.2,19.71167,99.02189,20.10668,99.36153,8,5011|5032,
5010,50,Mae Ai,แม่อาย,20.00745,99.33661,810.1,19.77733,99.12808,20.14743,99.57287,7,5028,
5011,50,Phrao,พร้าว,19.28642,99.22043,1254.4,19.00053,99.07684,19.57097,99.34295,11,5019,
5012,50,San Pa Tong,สันป่าตอง,18.60517,98.87778,186.4,18.50096,98.80662,18.71849,98.96013,11,5012,
5013,50,San Kamphaeng,สันกำแพง,18.74093,99.15187,229.5,18.65395,99.03877,18.81345,99.26694,10,5013,
5014,50,San Sai,สันทราย,18.94897,99.03322,314.9,18.78921,98.94687,19.10249,99.12756,12,5021|5029,
5015,50,Hang Dong,หางดง,18.7277,98.88561,241.8,18.5954,98.79081,18.84892,98.98624,11,5023|5034,
5016,50,Hot,ฮอด,18.11359,98.47783,1499.8,17.90955,98.16206,18.28274,98.80695,6,5024,
5017,50,Doi Tao,ดอยเต่า,17.90186,98.67514,854.8,17.79096,98.43052,18.07166,98.87036,6,5026,
5018,50,Omkoi,อมก๋อย,17.67428,98.33703,2863.6,17.24227,98.01094,18.04072,98.57885,6,5031,
5019,50,Saraphi,สารภี,18.69693,99.02842,79.9,18.61316,98.96619,18.76887,99.08074,12,5014,
5020,50,Wiang Haeng,เวียงแหง,19.58924,98.64533,649.3,19.42297,98.46652,19.75818,98.77421,3,5035,
5021,50,Chai Prakan,ไชยปราการ,19.68439,99.16592,545.6,19.57078,99.00728,19.83223,99.34408,4,5032,
5022,50,Mae Wang,แม่วาง,18.67488,98.65782,654.4,18.54529,98.48777,18.80266,98.85294,5,5036,
5023,50,Mae On,แม่ออน,18.73691,99.29331,493.1,18.53217,99.20727,18.92172,99.37764,6,5013,
5024,50,Doi Lo,ดอยหล่อ,18.5337,98.75664,213.1,18.43523,98.62398,18.62024,98.85294,4,5016,
5025,50,Kanlayaniwatthana,กัลยาณิวัฒนา,18.9966,98.29605,613.4,18.87121,98.10626,19.1558,98.47822,3,5813,
5101,51,Mueang Lamphun,เมืองลำพูน,18.55226,99.05689,480.8,18.43695,98.93476,18.67328,99.22537,15,5100|5115,
5102,51,Mae Tha,แม่ทา,18.38625,99.08407,736.7,18.17141,98.90443,18.58932,99.31734,6,5114|5117,
5103,51,Ban Hong,บ้านโฮ่ง,18.26605,98.82317,470.3,18.13718,98.67129,18.38839,98.98848,5,5113,
5104,51,Li,ลี้,17.79358,98.88291,1790.2,17.42589,98.68394,18.16599,99.10318,8,5111,
5105,51,Thung Hua Chang,ทุ่งหัวช้าง,17.98147,99.05543,466.2,17.81043,98.95857,18.19987,99.18332,3,5116,
5106,51,Pa Sang,ป่าซาง,18.41549,98.88448,298.5,18.27501,98.77811,18.54284,98.96226,9,5112,
5107,51,Ban Thi,บ้านธิ,18.64877,99.15692,136.6,18.59176,99.06519,18.70831,99.23098,2,5118,
5108,51,Wiang Nong Long,เวียงหนองล่อง,18.40832,98.75945,58.5,18.38068,98.6876,18.44977,98.82357,3,5112,
5201,52,Mueang Lampang,เมืองลำปาง,18.40743,99.53318,1243.3,18.18306,99.30231,18.60457,99.76778,19,5200|5210,
5202,52,Mae Mo,แม่เมาะ,18.39852,99.82938,1081.6,18.1935,99.62896,18.60457,100.04929,5,5222,
5203,52,Ko Kha,เกาะคา,18.14393,99.33978,518.5,17.98263,99.21729,18.2923,99.42766,9,5213,
5204,52,Soem Ngam,เสริมงาม,18.09137,99.1589,766.3,17.86053,99.01789,18.29798,99.30244,4,5221,
5205,52,Ngao,งาว,18.75958,99.93068,1502.4,18.49382,99.75676,19.06421,100.11402,10,5211,
5206,52,Chae Hom,แจ้ห่ม,18.74618,99.65868,1191.5,18.51312,99.50009,18.97665,99.83671,7,5212,
5207,52,Wang Nuea,วังเหนือ,19.14864,99.64155,924.2,18.89886,99.5256,19.41766,99.77327,8,5214,
5208,52,Thoen,เถิน,17.56848,99.28324,1798.1,17.21058,99.04968,17.88621,99.47723,8,5216|5223,
5209,52,Mae Phrik,แม่พริก,17.5004,99.05442,642.4,17.33585,98.88087,17.64679,99.21383,4,5218,
5210,52,Mae Tha,แม่ทะ,18.10064,99.57669,862.7,17.92019,99.41788,18.25857,99.7924,10,5215,
5211,52,Sop Prap,สบปราบ,17.89655,99.33503,483.1,17.76523,99.1989,18.00708,99.48304,4,5217,
5212,52,Hang Chat,ห้างฉัตร,18.34815,99.27491,581.8,18.18983,99.11919,18.491,99.42196,7,5219,
5213,52,Mueang Pan,เมืองปาน,18.79416,99.45091,972.5,18.52817,99.32719,19.07685,99.55975,5,5224,
5301,53,Mueang Uttaradit,เมืองอุตรดิตถ์,17.68078,100.18745,808.7,17.51165,99.99527,17.86012,100.41267,17,5300|5317,
5302,53,Tron,ตรอน,17.46804,100.12415,315.7,17.40266,99.92835,17.53995,100.25391,5,5314,
5303,53,Tha Pla,ท่าปลา,17.86133,100.46673,1782.1,17.61112,100.13413,18.05557,100.7744,7,5315|5319,
5304,53,Nam Pat,น้ำปาด,17.7037,100.72784,1465.4,17.48024,100.44067,17.90862,101.01932,7,5311,
5305,53,Fak Tha,ฟากท่า,18.00217,100.87323,607.6,17.86042,100.71768,18.16011,101.03621,4,5316,
5306,53,Ban Khok,บ้านโคก,18.1357,101.05971,1028.7,17.88197,100.91228,18.38102,101.19283,4,5318,
5307,53,Phichai,พิชัย,17.29461,100.12894,767.7,17.16517,99.96291,17.42421,100.28891,11,5312|5322,
5308,53,Laplae,ลับแล,17.66064,100.01572,439.2,17.48036,99.89449,17.83076,100.1036,8,5313|5321,
5309,53,Thong Saen Khan,ทองแสนขัน,17.49332,100.39202,708.0,17.37611,100.19853,17.62349,100.64508,4,5323,
5401,54,Mueang Phrae,เมืองแพร่,18.11715,100.24917,817.9,17.88916,100.03661,18.27667,100.41438,20,5400,
5402,54,Mueang Phrae,ร้องกวาง,18.33774,100.37964,841.5,18.15357,100.20546,18.48923,100.5504,11,5414,
5403,54,Long,ลอง,18.12773,99.8845,1260.7,17.91042,99.63515,18.40259,100.09004,9,5415,
5404,54,Sung Men,สูงเม่น,18.03672,100.1256,371.6,17.90372,99.97218,18.14754,100.27186,12,5400|5413,
5405,54,Den Chai,เด่นชัย,17.91951,100.02178,541.3,17.77838,99.87681,18.04381,100.18822,5,5411,
5406,54,Song,สอง,18.57987,100.21444,1525.6,18.31754,99.99921,18.83547,100.39932,8,5412,
5407,54,Wang Chin,วังชิ้น,17.856,99.63859,951.5,17.68756,99.36757,18.04168,99.93614,7,5416,
5408,54,Nong Muang Khai,หนองม่วงไข่,18.29212,100.16194,131.8,18.2469,100.07518,18.34879,100.27503,6,5417,
5501,55,Mueang Nan,เมืองน่าน,18.88126,100.65751,1069.0,18.67541,100.45702,19.05236,100.83111,11,5500,
5502,55,Mae Charim,แม่จริม,18.71308,101.09991,1043.8,18.52141,100.91863,18.9009,101.27097,5,5517,
5503,55,Ban Luang,บ้านหลวง,18.85071,100.4493,400.5,18.73561,100.34038,18.98614,100.53568,4,5519,
5504,55,Na Noi,นาน้อย,18.30153,100.75705,1188.4,18.11899,100.47647,18.42426,101.08542,7,5515,
5505,55,Pua,ปัว,19.16149,100.99253,829.2,18.96133,100.79193,19.38191,101.12954,12,5512,
5506,55,Tha Wang Pha,ท่าวังผา,19.13314,100.74456,761.3,18.97621,100.56586,19.3125,100.93311,10,5514,
5507,55,Wiang Sa,เวียงสา,18.55483,100.71363,2112.8,18.33659,100.35158,18.77747,101.10398,17,5511,
5508,55,Thung Chang,ทุ่งช้าง,19.46846,100.9219,716.3,19.33815,100.76807,19.63494,101.08171,4,5513,
5509,55,Chiang Klang,เชียงกลาง,19.30125,100.88336,308.3,19.22244,100.77771,19.3779,101.0411,6,5516,
5510,55,Na Muen,นาหมื่น,18.13256,100.60769,842.6,18.0217,100.4143,18.26022,100.87457,4,5518,
5511,55,Santi Suk,สันติสุข,18.9139,100.98088,418.7,18.84792,100.8116,18.99399,101.17378,3,5521,
5512,55,Bo Kluea,บ่อเกลือ,19.09882,101.18965,922.4,18.89597,101.06323,19.35412,101.35815,4,5522,
5513,55,Song Khwae,สองแคว,19.40466,100.6628,600.3,19.27405,100.48809,19.55716,100.78396,3,5516,
5514,55,Phu Phiang,ภูเพียง,18.78124,100.86221,417.8,18.66826,100.75782,18.92694,100.98379,7,5500,
5515,55,Chaloem Phra Kiet,เฉลิมพระเกียรติ,19.50175,101.13516,578.0,19.34646,100.97479,19.61975,101.28115,2,5513,
5601,56,Mueang Phayao,เมืองพะเยา,19.14983,99.86496,847.9,18.89746,99.70428,19.40641,100.02706,15,5600,
5602,56,Chun,จุน,19.36701,100.1474,553.7,19.15708,100.05122,19.54568,100.26457,7,5615,
5603,56,Chiang Kham,เชียงคำ,19.48246,100.35746,837.3,19.33965,100.15363,19.63492,100.59862,10,5611,
5604,56,Chiang Muan,เชียงม่วน,18.94096,100.28536,669.0,18.80596,100.11138,19.07033,100.50092,3,5616,
5605,56,Dok Khamtai,ดอกคำใต้,19.09567,100.05646,775.6,18.80855,99.92037,19.4314,100.15616,12,5612,
5606,56,Pong,ปง,19.18952,100.38301,1661.9,19.00945,100.11138,19.39955,100.62218,7,5614,
5607,56,Mae Chai,แม่ใจ,19.38026,99.79553,300.6,19.2914,99.68295,19.45103,99.92,6,5613,
5608,56,Phu Sang,ภูซาง,19.62711,100.368,299.5,19.55676,100.25246,19.73606,100.4899,5,5611,
5609,56,Phu Kamyao,ภูกามยาว,19.32065,99.96431,207.0,19.20501,99.91315,19.42915,100.01589,3,5600,
5701,57,Mueang Chiang Rai,เมืองเชียงราย,19.91182,99.78732,1613.2,19.62267,99.45267,20.13638,100.02523,16,5700|5710,
5702,57,Wiang Chai,เวียงชัย,19.86866,99.99523,336.9,19.73166,99.85915,19.99273,100.09876,5,5721,
5703,57,Chiang Khong,เชียงของ,20.1465,100.34556,745.9,19.95354,100.19993,20.39872,100.47275,7,5714|5723,
5704,57,Thoeng,เทิง,19.6907,100.19182,847.6,19.51026,99.92721,19.87354,100.4429,10,5716|5723,
5705,57,Phan,พาน,19.55606,99.75413,931.6,19.38268,99.56538,19.72681,99.92655,15,5712|5725|5728,
5706,57,Pa Daet,ป่าแดด,19.5078,99.97621,284.4,19.40641,99.9054,19.62321,100.06566,5,5719,
5707,57,Mae Chan,แม่จัน,20.15769,99.82395,690.5,20.02421,99.50519,20.28856,100.08233,11,5711|5724|5727,
5708,57,Chiang Saen,เชียงแสน,20.27624,100.13614,481.4,20.18688,99.94511,20.39817,100.3224,6,5715,
5709,57,Mae Sai,แม่สาย,20.36957,99.90966,300.9,20.26877,99.81066,20.46472,100.03581,8,5713|5722,
5710,57,Mae Suai,แม่สรวย,19.69108,99.4772,1437.1,19.45837,99.26472,19.98163,99.64725,7,5718,
5711,57,Wiang Pa Pao,เวียงป่าเป้า,19.2784,99.43689,1234.9,19.00015,99.29463,19.5394,99.58255,7,5717|5726,
5712,57,Phaya Mengrai,พญาเม็งราย,19.88507,100.15492,474.3,19.71022,100.04131,20.0511,100.26248,5,5729,
5713,57,Wiang Kaen,เวียงแก่น,19.99537,100.46656,469.6,19.83531,100.34248,20.19875,100.57817,4,5731,
5714,57,Khun Tan,ขุนตาล,19.87573,100.27853,238.6,19.76264,100.17359,19.98802,100.37219,3,5734,
5715,57,Mae Fa Luang,แม่ฟ้าหลวง,20.24595,99.65635,643.5,20.10696,99.45777,20.39268,99.8408,4,5711|5724,
5716,57,Mae Lao,แม่ลาว,19.77317,99.6996,225.3,19.69686,99.62435,19.86152,99.8064,5,5700|5725,
5717,57,Wiang Chiang Rung,เวียงเชียงรุ้ง,20.01999,100.06338,265.4,19.92663,99.95976,20.11084,100.20714,3,5721,
5718,57,Doi Luang,ดอยหลวง,20.13711,100.15086,301.5,20.05194,100.01039,20.20846,100.30541,3,5711,
5801,58,Mueang Mae Hong Son,เมืองแม่ฮ่องสอน,19.26435,98.00634,2317.2,18.93699,97.78354,19.63776,98.25214,7,5800,
5802,58,Khun Yuam,ขุนยวม,18.83014,97.90615,1626.5,18.59924,97.66609,19.09168,98.15664,6,5814,
5803,58,Pai,ปาย,19.32605,98.42051,2308.4,19.0262,98.12461,19.69223,98.64075,7,5813,
5804,58,Mae Sariang,แม่สะเรียง,18.27917,97.78933,2589.9,17.9942,97.36224,18.57813,98.20698,7,5811,
5805,58,Mae La Noi,แม่ลาน้อย,18.47718,97.97354,1305.5,18.25316,97.76852,18.67703,98.2372,8,5812,
5806,58,Sop Moei,สบเมย,17.91914,97.97187,1420.9,17.63718,97.67199,18.15456,98.28945,6,5811,
5807,58,Pang Mapha,ปางมะผ้า,19.58644,98.19527,1144.4,19.36948,98.02676,19.81041,98.38117,4,5815,
6001,60,Mueang Nakhon Sawan,เมืองนครสวรรค์,15.71309,100.10806,714.7,15.56045,99.93025,15.84637,100.33849,17,6000|6024,
6002,60,Krok Phra,โกรกพระ,15.58904,100.01673,290.9,15.50112,99.93248,15.67914,100.14129,9,6017,
6003,60,Chum Saeng,ชุมแสง,15.85233,100.2914,569.1,15.69429,100.16982,15.97346,100.46074,12,6012|6025,
6004,60,Nong Bua,หนองบัว,15.8698,100.62798,824.7,15.7406,100.40706,16.02688,100.81262,9,6011,
6005,60,Banphot Phisai,บรรพตพิสัย,15.99478,99.98793,720.3,15.83827,99.80498,16.19118,100.16067,13,6018,
6006,60,Kao Liao,เก้าเลี้ยว,15.87831,100.10089,237.5,15.81019,99.99321,15.95943,100.17512,5,6023,
6007,60,Takhli,ตาคลี,15.26378,100.38467,816.1,15.06109,100.21785,15.4542,100.62022,10,6014|6021|6026,
6008,60,Tha Tako,ท่าตะโก,15.65893,100.45231,849.5,15.40668,100.28896,15.82703,100.61792,10,6016,
6009,60,Phaisali,ไพศาลี,15.58887,100.68081,1002.4,15.34039,100.51302,15.78097,100.83097,8,6022,
6010,60,Phayuha Hkiri,พยุหะคีรี,15.5049,100.20901,661.4,15.36338,100.01303,15.62714,100.41001,11,6013,
6011,60,Lat Yao,ลาดยาว,15.76919,99.79866,758.7,15.6181,99.61916,15.9206,99.93248,12,6015,
6012,60,Tak Fa,ตากฟ้า,15.38089,100.47668,514.4,15.23861,100.32741,15.5383,100.62988,7,6019,
6013,60,Mae Wong,แม่วงก์,15.8333,99.402,1014.6,15.71512,99.08612,15.9444,99.68291,4,6015,
6014,60,Mae Pern,แม่เปิน,15.69328,99.38614,331.2,15.5693,99.21349,15.77977,99.50574,1,6015,
6015,60,Chum Ta Bong,ชุมตาบง,15.66374,99.55811,208.4,15.5693,99.46389,15.73079,99.66708,2,6015,
6101,61,Mueang Uthai Thani,เมืองอุทัยธานี,15.40659,100.01879,235.8,15.26367,99.9316,15.5104,100.10187,14,6100,
6102,61,Thap Than,ทัพทัน,15.48831,99.83107,340.2,15.42491,99.67339,15.5976,99.95097,10,6112,
6103,61,Sawang Arom,สว่างอารมณ์,15.59854,99.75799,450.5,15.52032,99.57059,15.68633,99.93733,5,6115,
6104,61,Nong Chang,หนองฉาง,15.36884,99.75716,360.1,15.29542,99.61158,15.4351,99.89499,10,6111|6117,
6105,61,Nong Khayang,หนองขาหย่าง,15.34825,99.94396,165.1,15.29228,99.87181,15.43564,100.03723,9,6113,
6106,61,Ban Rai,บ้านไร่,15.22797,99.3384,3274.6,14.94328,98.984,15.79826,99.79079,13,6114|6118,
6107,61,Lan Sak,ลานสัก,15.51528,99.41281,1452.1,15.33348,99.17635,15.77977,99.70362,6,6116,
6108,61,Huai Khot,ห้วยคต,15.3047,99.52874,321.5,15.22751,99.34829,15.38224,99.68922,3,6117,
6201,62,Mueang Kamphaeng Phet,เมืองกำแพงเพชร,16.4261,99.50518,1483.7,16.14636,99.2367,16.6911,99.7717,16,6200|6216,
6202,62,Sai Ngam,ไทรงาม,16.4424,99.86341,579.7,16.34689,99.70506,16.53854,100.03466,7,6215,
6203,62,Khlong Lan,คลองลาน,16.24764,99.23267,1481.1,16.03245,99.02673,16.48398,99.45723,4,6218,
6204,62,Khanu Woralaksaburi,ขาณุวรลักษบุรี,16.01177,99.66937,1199.4,15.85754,99.3488,16.16861,99.98432,11,6213|6214,
6205,62,Khlong Khlung,คลองขลุง,16.22292,99.6889,680.5,16.12909,99.49097,16.34689,99.89595,10,6212,
6206,62,Phran Kratai,พรานกระต่าย,16.70951,99.55382,976.3,16.5254,99.30551,16.91044,99.7596,10,6211,
6207,62,Lan Krabue,ลานกระบือ,16.60638,99.85259,428.6,16.50225,99.72297,16.73527,100.03466,7,6217,
6208,62,Sai Thong Watthana,ทรายทองวัฒนา,16.30773,99.87323,217.2,16.23648,99.75826,16.35626,100.00185,3,6219,
6209,62,Pang Sila Thong,ปางศิลาทอง,16.02433,99.3113,721.1,15.8845,99.08612,16.15945,99.66137,3,6212,
6210,62,Bueng Samakkhi,บึงสามัคคี,16.21461,99.96138,263.1,16.11813,99.87713,16.34279,100.02895,4,6221,
6211,62,Kosamphi Nakhon,โกสัมพีนคร,16.57423,99.28593,516.2,16.38999,99.03077,16.76868,99.47559,3,6200,
6301,63,Mueang Tak,เมืองตาก,16.88605,99.16168,1989.4,16.56265,98.82688,17.21396,99.4552,14,6300,
6302,63,Ban Tak,บ้านตาก,17.11178,99.07767,1028.6,16.91289,98.82601,17.40001,99.31857,7,6312,
6303,63,Sam Ngao,สามเงา,17.39755,98.80848,2769.5,17.1334,98.4933,17.81391,99.22492,6,6313,
6304,63,Mae Ramat,แม่ระมาด,17.07523,98.61213,1504.3,16.82968,98.32185,17.2944,98.91228,6,6314,
6305,63,Tha Song Yang,ท่าสองยาง,17.49091,98.11329,1934.9,17.06651,97.74238,17.86773,98.47008,6,6315,
6306,63,Mae Sot,แม่สอด,16.75053,98.70603,1577.1,16.53344,98.46308,16.97722,98.95348,10,6311,
6307,63,Phop Phra,พบพระ,16.47686,98.82291,1009.4,16.28453,98.59576,16.64083,99.0373,5,6316,
6308,63,Um Phang,อุ้มผาง,15.80154,98.88215,4830.9,15.17995,98.5467,16.38418,99.13828,6,6317,
6309,63,Wang Chao,วังเจ้า,16.61922,99.12916,689.0,16.43038,98.96854,16.79072,99.27139,3,6300,
6401,64,Mueang Sukhothai,เมืองสุโขทัย,17.03145,99.77623,586.8,16.87857,99.61909,17.15094,99.96611,10,6400|6421|6422,
6402,64,Ban Dan Lan Hoi,บ้านด่านลานหอย,17.04999,99.49539,954.4,16.78498,99.31434,17.26984,99.63137,7,6414,
6403,64,Khiri Mat,คีรีมาศ,16.83656,99.74104,639.2,16.68491,99.60485,16.96569,99.88953,10,6416,
6404,64,Kong Krailat,กงไกรลาศ,16.94234,99.97522,425.1,16.79766,99.8432,17.08272,100.11079,11,6417,
6405,64,Si Satchanalai,ศรีสัชนาลัย,17.59897,99.70865,2170.1,17.3552,99.41304,17.82158,99.97691,11,6413|6419,
6406,64,Si Samrong,ศรีสำโรง,17.17575,99.72463,608.1,17.0613,99.45912,17.29378,99.98346,13,6412,
6407,64,Sawankhalok,สวรรคโลก,17.29429,99.83431,589.9,17.16517,99.66656,17.49006,99.97288,14,6411,
6408,64,Si Nakhon,ศรีนคร,17.38111,99.96945,182.7,17.25218,99.91169,17.52142,100.02101,5,6418,
6409,64,Thung Saliam,ทุ่งเสลี่ยม,17.37027,99.54608,518.3,17.24226,99.41889,17.5085,99.72501,5,6415|6423,
6501,65,Mueang Phitsanulok,เมืองพิษณุโลก,16.83705,100.28162,700.1,16.64501,100.12133,16.977,100.49941,20,6500|6523,
6502,65,Nakhon Thai,นครไทย,17.10092,100.86456,2383.8,16.80177,100.59641,17.46849,101.10799,11,6512,
6503,65,Chat Trakan,ชาติตระการ,17.40101,100.68704,1593.4,17.10026,100.37165,17.74368,101.00919,6,6517,
6504,65,Bang Rakam,บางระกำ,16.73257,100.03743,970.8,16.57421,99.85341,16.91486,100.21652,11,6514|6524,
6505,65,Bang Krathum,บางกระทุ่ม,16.60182,100.34115,340.3,16.51898,100.21652,16.70929,100.48443,9,6511|6521,
6506,65,Phrom Phiram,พรหมพิราม,17.07714,100.16225,825.3,16.90721,99.95505,17.22061,100.32653,12,6515|6518,
6507,65,Wat Bot,วัดโบสถ์,17.15686,100.38431,899.9,16.93354,100.28066,17.3911,100.52628,6,6516,
6508,65,Wang Thong,วังทอง,16.81766,100.57349,1671.4,16.5518,100.30183,17.14852,100.94234,11,6513|6522,
6509,65,Noen Maprang,เนินมะปราง,16.58859,100.70711,1140.9,16.31897,100.55721,16.79573,100.88622,7,6519,
6601,66,Mueang Phichit,เมืองพิจิตร,16.41743,100.35899,590.3,16.27785,100.22591,16.55416,100.52865,16,6600|6617,
6602,66,Wang Sai Phun,วังทรายพูน,16.38041,100.54316,257.7,16.29521,100.415,16.45978,100.63311,4,6618,
6603,66,Pho Prathap Chang,โพธิ์ประทับช้าง,16.31869,100.1824,402.8,16.24231,100.02129,16.40543,100.31456,7,6619,
6604,66,Taphan Hin,ตะพานหิน,16.20779,100.40616,446.8,16.09563,100.25803,16.29923,100.54163,13,6611|6615,
6605,66,Bang Mun Nak,บางมูลนาก,16.03444,100.42206,421.0,15.93839,100.3065,16.15881,100.54246,10,6612|6621,
6606,66,Pho Thale,โพทะเล,16.06642,100.23269,494.8,15.93332,100.11345,16.18827,100.35816,11,6613,
6607,66,Sam Ngam,สามง่าม,16.44339,100.1288,307.9,16.31287,99.99383,16.64843,100.23593,5,6614,
6608,66,Tap Khlo,ทับคล้อ,16.20367,100.60114,425.0,16.05673,100.48908,16.32079,100.71811,4,6615|6623,
6609,66,Sak Lek,สากเหล็ก,16.50743,100.50598,168.4,16.45299,100.415,16.5859,100.57508,5,6616,
6610,66,Bueng Na Rang,บึงนาราง,16.19739,100.1269,295.3,16.07955,100.02485,16.27056,100.26064,5,6613,
6611,66,Dong Charoen,ดงเจริญ,16.00844,100.60262,219.1,15.93113,100.49406,16.08005,100.78471,5,6621,
6612,66,Wachirabarami,วชิรบารมี,16.51969,100.10197,300.1,16.43501,99.99383,16.61407,100.19602,4,6614|6622,
6701,67,Mueang Phetchabun,เมืองเพชรบูรณ์,16.38337,101.17808,2260.0,16.09973,100.80544,16.64516,101.49875,17,6700|6721|6725,
6702,67,Chon Daen,ชนแดน,16.12307,100.82804,1145.0,15.8927,100.63864,16.33155,100.98519,9,6715|6719,
6703,67,Lom Sak,หล่มสัก,16.72351,101.30658,1392.5,16.54835,101.0516,16.93171,101.51343,23,6711,
6704,67,Lom Kao,หล่มเก่า,16.98901,101.27725,956.9,16.80643,101.07904,17.17154,101.50428,9,6712,
6705,67,Wichian Buri,วิเชียรบุรี,15.6633,101.09775,1523.7,15.48226,100.81852,15.85147,101.36006,14,6713|6718,
6706,67,Si Thep,ศรีเทพ,15.44495,101.14614,782.9,15.31942,100.9287,15.57546,101.31081,7,6717,
6707,67,Nong Phai,หนองไผ่,16.02687,101.14815,1270.7,15.86642,100.9014,16.18762,101.3789,13,6714|6722,
6708,67,Bueng Sam Phan,บึงสามพัน,15.83603,101.01539,761.1,15.71301,100.7961,15.9423,101.36426,9,6716|6723,
6709,67,Nam Nao,น้ำหนาว,16.84486,101.58593,966.6,16.64826,101.39894,17.04499,101.79725,4,6726,
6710,67,Wang Pong,วังโป่ง,16.35977,100.80735,468.2,16.25659,100.65145,16.44843,100.98224,5,6724,
6711,67,Khao Kho,เขาค้อ,16.66665,100.98673,785.1,16.47491,100.8338,16.90285,101.10566,7,6727|6728,
7001,70,Mueang Ratchaburi,เมืองราชบุรี,13.54193,99.76851,488.5,13.44878,99.58456,13.64376,99.91346,22,7000,
7002,70,Chom Bueng,จอมบึง,13.64401,99.52208,811.6,13.41799,99.31602,13.80662,99.73508,6,7015,
7003,70,Suan Phueng,สวนผึ้ง,13.55249,99.29123,1010.0,13.32613,99.16284,13.76738,99.47483,4,7018,
7004,70,Damnoen Saduak,ดำเนินสะดวก,13.56741,99.96392,179.6,13.50456,99.88905,13.63323,100.03111,13,7013|7021,
7005,70,Ban Pong,บ้านโป่ง,13.82383,99.82038,367.2,13.74729,99.60641,13.96124,99.95794,15,7011|7019,
7006,70,Bang Phae,บางแพ,13.68049,99.98156,206.2,13.61261,99.8966,13.74684,100.06789,7,7016,
7007,70,Photharam,โพธาราม,13.71183,99.75386,478.6,13.60992,99.53302,13.79552,99.94821,19,7012,
7008,70,Pak Tho,ปากท่อ,13.36515,99.6632,821.6,13.20715,99.49867,13.5042,99.88368,12,7014,
7009,70,Wat Phleng,วัดเพลง,13.4491,99.87207,17.0,13.41627,99.83958,13.4701,99.89092,3,7017,
7010,70,Ban Kha,บ้านคา,13.32418,99.38758,847.4,13.14879,99.19883,13.51457,99.54153,3,7018,
7101,71,Mueang Kanchanaburi,เมืองกาญจนบุรี,14.07694,99.32976,1506.3,13.75713,99.0206,14.34492,99.59285,13,7100|7119,
7102,71,Sai Yok,ไทรโยค,14.266,98.922,2626.3,13.91801,98.53335,14.55839,99.31856,7,7115,
7103,71,Bo Phloi,บ่อพลอย,14.39042,99.44811,1221.7,14.12864,99.28333,14.63398,99.58526,6,7116|7122,
7104,71,Si Sawat,ศรีสวัสดิ์,14.67762,99.12553,3004.8,14.22836,98.87716,15.071,99.35993,6,7122|7125,
7105,71,Tha Maka,ท่ามะกา,13.94681,99.77738,398.6,13.82397,99.66627,14.09401,99.87586,17,7019|7112|7113,
7106,71,Tha Muang,ท่าม่วง,13.92131,99.60524,552.6,13.75984,99.47021,14.10626,99.7322,13,7111|7113,
7107,71,Thong Pha Phum,ทองผาภูมิ,14.83397,98.68837,3808.8,14.44289,98.24594,15.27507,98.99966,7,7118,
7108,71,Sangkhla Buri,สังขละบุรี,15.20132,98.52294,3289.9,14.85395,98.18118,15.65248,98.88626,3,7124,
7109,71,Phanom Thuan,พนมทวน,14.16018,99.69097,462.2,14.0231,99.56561,14.27525,99.82852,8,7114|7117,
7110,71,Lao Khwan,เลาขวัญ,14.59768,99.69071,1032.3,14.38112,99.54494,14.80212,99.82929,7,7121,
7111,71,Dan Makham Tia,ด่านมะขามเตี้ย,13.83929,99.32277,597.2,13.72585,99.14855,13.9495,99.50982,4,7126,
7112,71,Nong Prue,หนองปรือ,14.68076,99.41814,541.2,14.53456,99.23918,14.83205,99.58033,3,7122,
7113,71,Huai Krachao,ห้วยกระเจา,14.33817,99.68335,524.4,14.24026,99.5445,14.46141,99.82852,4,7117,
7201,72,Mueang Saphan Buri,เมืองสุพรรณบุรี,14.48877,100.07122,543.0,14.33672,99.91871,14.59495,100.25315,20,7200|7221|7223,
7202,72,Doem Bang Nang Buat,เดิมบางนางบวช,14.88047,100.03404,536.6,14.76767,99.73173,14.96262,100.22643,14,7212,
7203,72,Dan Chang,ด่านช้าง,14.88598,99.50673,1217.2,14.70895,99.2828,15.08091,99.81296,7,7218,
7204,72,Bang Pla Ma,บางปลาม้า,14.35183,100.15165,474.4,14.24156,99.98405,14.4538,100.2785,14,7215,
7205,72,Si Prachan,ศรีประจันต์,14.64664,100.15494,297.9,14.55551,100.05249,14.7707,100.24265,9,7214,
7206,72,Don Chedi,ดอนเจดีย์,14.65175,99.93813,322.6,14.57106,99.78944,14.73602,100.08632,5,7217|7225,
7207,72,Song Phi Nong,สองพี่น้อง,14.19635,99.99695,675.7,14.06424,99.77221,14.34076,100.23609,15,7211|7219,
7208,72,Sam Chuk,สามชุก,14.75763,100.06284,275.0,14.67654,99.98176,14.84466,100.19779,7,7213,
7209,72,U Thong,อู่ทอง,14.41459,99.8884,638.3,14.22879,99.79486,14.6353,99.97932,13,7216|7222,
7210,72,Nong Ya Sai,หนองหญ้าไซ,14.78612,99.86178,415.9,14.68989,99.65283,14.87185,99.98425,6,7224,
7301,73,Mueang Nakhon Pathom,เมืองนครปฐม,13.81768,100.02348,378.9,13.69335,99.90905,13.93397,100.1165,25,7300,
7302,73,Kamphaeng Saen,กำแพงแสน,14.02915,99.96029,492.3,13.8846,99.8141,14.14544,100.06428,15,7314|7318,
7303,73,Nakhon Chai Si,นครชัยศรี,13.82842,100.17709,250.3,13.70479,100.10741,13.92272,100.25612,24,7312,
7304,73,Don Tum,ดอนตูม,13.9539,100.08988,148.6,13.87184,100.01924,14.04314,100.17514,8,7315,
7305,73,Bang Len,บางเลน,14.04856,100.18171,533.9,13.89233,100.06343,14.17921,100.28598,15,7313|7319,
7306,73,Sam Phran,สามพราน,13.72488,100.21789,229.4,13.66029,100.06027,13.80166,100.33746,16,7311|7316|7321|7322,
7307,73,Phutthamonthon,พุทธมณฑล,13.83009,100.28525,81.5,13.76309,100.24788,13.9045,100.3301,3,7317,
7401,74,Mueang Samut Sakhon,เมืองสมุทรสาคร,13.53105,100.24496,475.8,13.42533,100.05316,13.6405,100.40884,18,7400,
7402,74,Krathum Baen,กระทุ่มแบน,13.6575,100.27014,127.5,13.60449,100.17135,13.71972,100.35024,10,7411|7413,
7403,74,Ban Phaeo,บ้านแพ้ว,13.59462,100.11112,278.3,13.4858,100.02952,13.68063,100.2279,12,7412,
7501,75,Mueang Samut Songkhram,เมืองสมุทรสงคราม,13.40114,100.00126,170.6,13.28381,99.9312,13.50778,100.07878,11,7500,
7502,75,Bang Khonthi,บางคนที,13.48436,99.95055,63.6,13.4492,99.88916,13.51048,100.02627,13,7512,
7503,75,Amphawa,อัมพวา,13.37016,99.91399,179.5,13.24646,99.85595,13.47755,100.01436,12,7511,
7601,76,Mueang Phetchaburi,เมืองเพชรบุรี,13.06871,99.9827,283.2,12.95419,99.84591,13.18066,100.07933,24,7600|7610,
7602,76,Khao Yoi,เขาย้อย,13.24383,99.8084,326.5,13.11765,99.68824,13.34341,99.9024,10,7614,
7603,76,Nong Ya Plong,หนองหญ้าปล้อง,13.1286,99.46632,1251.5,12.97558,99.09953,13.30037,99.79586,4,7616,
7604,76,Cha-Am,ชะอำ,12.75773,99.90129,519.0,12.61887,99.75476,12.91702,100.02691,9,7612,
7605,76,Tha Yang,ท่ายาง,12.81908,99.7927,770.6,12.61887,99.61422,13.01549,100.03754,12,7613,
7606,76,Ban Lat,บ้านลาด,13.05137,99.84408,256.6,12.97615,99.7345,13.13016,99.96414,18,7615,
7607,76,Ban Laem,บ้านแหลม,13.18203,99.97669,202.2,13.02038,99.88375,13.29662,100.07933,10,7610|7611,
7608,76,Kaeng Krachan,แก่งกระจาน,12.85911,99.46381,2621.3,12.56369,99.1656,13.14335,99.78303,6,7617,
7701,77,Mueang Prachuap Khiri Khan,เมืองประจวบคีรีขันธ์,11.87287,99.7242,851.1,11.65558,99.58811,12.04341,99.90951,6,7700|7721,
7702,77,Kui Buri,กุยบุรี,12.11397,99.73897,878.5,11.97753,99.53619,12.24404,100.01975,6,7715,
7703,77,Thap Sakae,ทับสะแก,11.54362,99.56999,557.8,11.40502,99.41956,11.68826,99.71539,6,7713,
7704,77,Bang Saphan,บางสะพาน,11.28345,99.43994,816.8,11.12791,99.26699,11.47604,99.59942,7,7714|7719|7723,
7705,77,Bang Saphan Noi,บางสะพานน้อย,11.06185,99.33936,676.8,10.95477,99.15378,11.2192,99.50256,5,7717,
7706,77,Pran Buri,ปราณบุรี,12.39119,99.73405,616.2,12.3227,99.42501,12.46978,99.99419,6,7712|7722,
7707,77,Hua Hin,หัวหิน,12.51515,99.70917,1173.7,12.34499,99.42501,12.64074,99.98333,7,7711,
7708,77,Sam Roi Yot,สามร้อยยอด,12.26091,99.72632,902.2,12.13575,99.44354,12.35133,100.01975,5,7712|7718,
8001,80,Mueang Nakhon Si Thammarat,เมืองนครศรีธรรมราช,8.43393,99.97041,518.9,8.24814,99.79821,8.58692,100.08898,16,8000|8028|8029|8033,
8002,80,Phrom Khiri,พรหมคีรี,8.53931,99.81064,254.6,8.46965,99.70959,8.62014,99.94674,5,8032,
8003,80,Lan Saka,ลานสกา,8.37717,99.77606,333.0,8.25961,99.69655,8.49422,99.86844,5,8023,
8004,80,Chawang,ฉวาง,8.47511,99.5279,430.2,8.34804,99.41778,8.64674,99.70189,10,8015|8025|8026,
8005,80,Phipun,พิปูน,8.6,99.59955,490.5,8.48316,99.47846,8.71929,99.7335,5,8027,
8006,80,Chian Yai,เชียรใหญ่,8.12522,100.15194,337.2,8.01096,100.05279,8.22935,100.25776,10,8019,
8007,80,Cha-Uat,ชะอวด,7.9579,99.98737,813.3,7.83806,99.7379,8.12639,100.1775,11,8018,
8008,80,Tha Sala,ท่าศาลา,8.69429,99.88482,411.0,8.54343,99.75822,8.87025,99.9781,10,8016,
8009,80,Thung Song,ทุ่งสง,8.11808,99.6611,915.4,7.86089,99.43351,8.30155,99.82695,13,8011|8031,
8010,80,Na Bon,นาบอน,8.27204,99.55354,206.2,8.19736,99.47275,8.36471,99.67456,3,8022,
8011,80,Thung Yai,ทุ่งใหญ่,8.28396,99.37489,643.2,8.10985,99.2345,8.47073,99.48019,7,8024,
8012,80,Pak Phanang,ปากพนัง,8.30856,100.1625,513.0,8.17126,100.01905,8.50379,100.2951,18,8014|8033,
8013,80,Ron Phibun,ร่อนพิบูลย์,8.19225,99.89522,463.6,8.06841,99.75731,8.30625,100.02765,6,8013|8035,
8014,80,Sichon,สิชล,8.95,99.80856,704.7,8.81157,99.64189,9.12141,99.92081,9,8012|8034,
8015,80,Khanom,ขนอม,9.1918,99.81154,296.3,9.08994,99.71988,9.3228,99.90945,3,8021,
8016,80,Hua Sai,หัวไทร,8.00858,100.24643,418.9,7.87648,100.13998,8.17781,100.33657,11,8017,
8017,80,Bang Khan,บางขัน,7.99796,99.47979,481.6,7.87466,99.36522,8.144,99.60284,4,8036,
8018,80,Tham Phannara,ถ้ำพรรณรา,8.46854,99.37985,165.0,8.41208,99.29343,8.55224,99.4527,3,8026,
8019,80,Chulabhorn,จุฬาภรณ์,8.06998,99.85702,183.6,8.01321,99.77117,8.13758,99.96106,6,8013|8018,
8020,80,Phra Phrom,พระพรหม,8.32481,99.93249,156.5,8.25347,99.8601,8.3916,100.00274,4,8000,
8021,80,Nopphitam,นบพิตำ,8.75343,99.67697,733.0,8.59736,99.52163,8.92777,99.84495,4,8016,
8022,80,Chang Klang,ช้างกลาง,8.3606,99.6314,280.4,8.29014,99.51942,8.45518,99.72071,3,8025,
8023,80,Chaloem Phra Kiet,เฉลิมพระเกียรติ,8.17864,100.04839,144.0,8.05313,99.94211,8.26665,100.12502,4,8019|8029,
8101,81,Mueang Krabi,เมืองกระบี่,8.15773,98.86808,705.2,8.00172,98.72578,8.2936,99.01596,10,8100,
8102,81,Khao Phanom,เขาพนม,8.27955,99.12101,872.7,8.11308,98.90758,8.45718,99.33103,6,8024|8114,
8103,81,Ko Lanta,เกาะลันตา,7.69871,99.07372,257.1,7.49656,99.01824,7.85426,99.13719,5,8112|8115,
8104,81,Khlong Thom,คลองท่อม,7.92313,99.20114,1057.6,7.65736,99.06385,8.17841,99.33377,7,8112|8117,
8105,81,Ao Luek,อ่าวลึก,8.38154,98.76465,659.6,8.24673,98.62753,8.55086,98.92648,9,8111,
8106,81,Plai Phraya,ปลายพระยา,8.55206,98.82927,537.8,8.42064,98.68225,8.68134,98.94103,4,8116,
8107,81,Lam Thap,ลำทับ,8.04415,99.33589,260.0,7.92879,99.23771,8.13207,99.41497,4,8112,
8108,81,Nuea Khlong,เหนือคลอง,8.05026,99.04029,480.7,7.87551,98.94277,8.23089,99.15919,8,8113,
8201,82,Mueang Phang-Nga,เมืองพังงา,8.50444,98.50248,504.9,8.33978,98.36792,8.66082,98.61565,9,8200,
8202,82,Ko Yao,เกาะยาว,8.07435,98.59067,72.4,7.94519,98.53003,8.18633,98.63567,3,8216|8300,
8203,82,Kapong,กะปง,8.73903,98.47029,593.9,8.6027,98.32678,8.89526,98.59871,5,8217,
8204,82,Takua Thung,ตะกั่วทุ่ง,8.29422,98.39355,509.3,8.12675,98.26907,8.4556,98.49356,7,8213|8214,
8205,82,Takua Pa,ตะกั่วป่า,8.82959,98.33085,575.2,8.61656,98.23437,9.0151,98.446,8,8211|8219,
8206,82,Khura Buri,คุระบุรี,9.14296,98.40577,729.0,8.94522,98.24699,9.33219,98.525,4,8215,
8207,82,Thap Put,ทับปุด,8.52359,98.62538,271.4,8.37537,98.54866,8.63198,98.70344,6,8218,
8208,82,Thai Mueang,ท้ายเหมือง,8.49726,98.31193,605.1,8.30809,98.20519,8.65278,98.42503,6,8212,
8301,83,Mueang Phuket,เมืองภูเก็ต,7.87201,98.35453,160.7,7.76338,98.27514,7.96559,98.4407,8,8300|8310|8313,
8302,83,Kathu,กะทู้,7.92068,98.31242,70.7,7.87433,98.27514,7.97032,98.36824,3,8312|8315,
8303,83,Thalang,ถลาง,8.04777,98.34101,287.3,7.94407,98.27634,8.19995,98.43634,6,8311,
8401,84,Mueang Surat Thani,เมืองสุราษฎร์ธานี,9.10661,99.32538,336.5,8.96033,99.22121,9.24397,99.38907,11,8400|8410,
8402,84,Kanchanadit,กาญจนดิษฐ์,9.06584,99.54271,1103.0,8.8777,99.38103,9.28618,99.74209,13,8416|8429,
8403,84,Don Sak,ดอนสัก,9.20814,99.69099,404.5,9.02972,99.5741,9.33254,99.77177,4,8416|8422|8434,
8404,84,Ko Samui,เกาะสมุย,9.51345,99.9946,252.7,9.42411,99.91518,9.59352,100.09059,7,8414|8431|8432|8433,
8405,84,Ko Pha-Ngan,เกาะพะงัน,9.73895,100.02554,116.4,9.66638,99.96712,9.80398,100.08098,3,8428,
8406,84,Chaiya,ไชยา,9.44498,99.06495,736.3,9.33808,98.80919,9.55512,99.30159,9,8411,
8407,84,Tha Chana,ท่าชนะ,9.60424,98.98614,958.9,9.46311,98.73964,9.72919,99.23459,6,8417,
8408,84,Khiri Rat Nikhom,คีรีรัฐนิคม,9.01416,98.94621,804.3,8.78437,98.77099,9.20472,99.08203,8,8418,
8409,84,Ban Ta Khun,บ้านตาขุน,9.09917,98.66715,1498.2,8.87198,98.47516,9.36117,98.94456,4,8423,
8410,84,Phanom,พนม,8.79985,98.7005,1225.4,8.62569,98.4431,8.98312,98.92024,6,8425,
8411,84,Tha Chang,ท่าฉาง,9.34122,98.94061,1085.2,9.18925,98.66813,9.53674,99.23962,6,8415,
8412,84,Ban Na San,บ้านนาสาร,8.80646,99.39955,741.8,8.66861,99.22912,8.9968,99.55583,11,8412|8427,
8413,84,Ban Na Doem,บ้านนาเดิม,8.89532,99.27379,219.9,8.82071,99.19323,8.96591,99.35517,4,8424,
8414,84,Khian Sa,เคียนซา,8.7408,99.11108,666.9,8.64225,98.89752,8.88606,99.27959,5,8421|8426,
8415,84,Wiang Sa,เวียงสระ,8.59916,99.35435,374.9,8.47073,99.25128,8.69691,99.49203,5,8419,
8416,84,Phrasaeng,พระแสง,8.56756,99.11137,759.8,8.31256,98.88798,8.71767,99.29343,7,8421,
8417,84,Phunphin,พุนพิน,9.02974,99.15204,922.3,8.8035,99.01128,9.24397,99.32193,16,8413,
8418,84,Chai Buri,ชัยบุรี,8.44931,99.06801,436.3,8.36228,98.93463,8.55789,99.20503,4,8435,
8419,84,Chai Buri,วิภาวดี,9.2406,98.85415,450.5,9.12843,98.6561,9.3607,99.02656,2,8418,
8501,85,Mueang Ranong,เมืองระนอง,9.88191,98.61663,754.7,9.61589,98.485,10.17867,98.74471,9,8500|8513,
8502,85,La-Un,ละอุ่น,10.07832,98.7824,579.1,9.91596,98.67369,10.22902,98.90297,7,8513,
8503,85,Papoe,กะเปอร์,9.55853,98.62119,516.9,9.44869,98.49144,9.71356,98.76361,5,8512,
8504,85,Kra Buri,กระบุรี,10.45448,98.84679,920.8,10.20437,98.70614,10.78416,98.96487,7,8511,
8505,85,Suk Samran,สุขสำราญ,9.41345,98.52037,466.6,9.3089,98.39047,9.56334,98.66945,2,8512,
8601,86,Mueang Chumphon,เมืองชุมพร,10.46248,99.10646,762.9,10.31136,98.89436,10.57874,99.28388,17,8600|8610|8612|8619,
8602,86,Tha Sae,ท่าแซะ,10.7707,99.09422,1519.6,10.53959,98.88538,11.03371,99.27601,10,8614|8619,
8603,86,Pathio,ปะทิว,10.80725,99.3389,751.2,10.55199,99.20327,10.9918,99.51936,7,8616|8621|8623,
8604,86,Lang Suan,หลังสวน,9.93861,99.04245,587.9,9.79803,98.88195,10.06894,99.16553,13,8611|8615,
8605,86,Lamae,ละแม,9.75628,99.02276,404.1,9.68144,98.88085,9.84885,99.15931,4,8617,
8606,86,Phato,พะโต๊ะ,9.80869,98.79361,845.4,9.60088,98.63033,10.00483,98.97834,4,8618,
8607,86,Sawi,สวี,10.2446,99.01652,845.8,10.05464,98.83553,10.42293,99.22409,11,8613,
8608,86,Thung Tako,ทุ่งตะโก,10.09539,99.05281,327.8,10.01317,98.92264,10.17159,99.17548,4,8622,
9001,90,Muaeng Songkhla,เมืองสงขลา,7.12992,100.59132,198.5,7.0187,100.46221,7.2232,100.67375,6,9000|9010,
9002,90,Sathing Phra,สทิงพระ,7.48683,100.41502,195.0,7.3618,100.35568,7.62199,100.48108,11,9019,
9003,90,Chana,จะนะ,6.89982,100.70435,647.4,6.7493,100.59206,7.10147,100.82548,14,9013,
9004,90,Na Thawi,นาทวี,6.63847,100.67501,779.9,6.44293,100.54502,6.79738,100.81088,10,9016,
9005,90,Thepha,เทพา,6.78545,100.91156,676.5,6.63553,100.79389,6.95167,101.0661,7,9015|9026,
9006,90,Saba Yoi,สะบ้าย้อย,6.53098,100.9144,906.4,6.30042,100.74023,6.70799,101.10362,9,9021,
9007,90,Ranot,ระโนด,7.79187,100.29278,456.4,7.61411,100.1775,7.9318,100.40794,12,9014,
9008,90,Krasae Sin,กระแสสินธุ์,7.61337,100.29622,297.9,7.49656,100.22006,7.71761,100.36797,4,9027,
9009,90,Rattaphum,รัตภูมิ,7.07299,100.19079,662.6,6.89576,100.05722,7.23135,100.33203,5,9018,
9010,90,Sadao,สะเดา,6.67245,100.43141,997.8,6.47233,100.19162,6.84182,100.6082,9,9012|9017|9024|9032,
9011,90,Hat Yai,หาดใหญ่,6.97091,100.42863,807.9,6.78742,100.19413,7.18704,100.60045,13,9011|9023|9025,
9012,90,Na Mom,นาหม่อม,6.95412,100.57144,132.4,6.87509,100.52162,7.02507,100.63037,4,9031,
9013,90,Khuan Niang,ควนเนียง,7.18414,100.38096,247.9,7.08785,100.31673,7.30139,100.46221,4,9022,
9014,90,Bang Klam,บางกล่ำ,7.07536,100.41178,161.2,7.01666,100.30296,7.18704,100.4817,4,9011,
9015,90,Singhanakhon,สิงหนคร,7.27956,100.47631,242.0,7.18704,100.40607,7.37629,100.57542,11,9028|9033,
9016,90,Khlong Hoi Khong,คลองหอยโข่ง,6.85439,100.34097,317.7,6.78291,100.2059,6.93974,100.45025,4,9011|9023,
9101,91,Mueang Satun,เมืองสตูล,6.63359,99.97111,774.6,6.42272,99.59564,6.80533,100.18296,12,9100|9114,
9102,91,Khuan Don,ควนโดน,6.76315,100.12001,207.9,6.68311,99.99778,6.82061,100.20442,4,9116,
9103,91,Khuan Kalong,ควนกาหลง,6.91571,100.0505,544.9,6.80894,99.86516,7.10758,100.21071,3,9113,
9104,91,Tha Phae,ท่าแพ,6.80722,99.92112,189.8,6.72415,99.84009,6.88075,100.00692,4,9115,
9105,91,La-Ngu,ละงู,6.91669,99.80072,387.2,6.77901,99.68804,7.07945,99.89217,6,9111,
9106,91,Thung Wa,ทุ่งหว้า,7.08306,99.83002,464.8,6.95724,99.6699,7.2037,100.02823,5,9112,
9107,91,Manang,มะนัง,7.01137,99.93196,201.1,6.91172,99.86516,7.10119,99.99217,2,9113,
9201,92,Mueang Trang,เมืองตรัง,7.60885,99.61721,442.9,7.46565,99.46279,7.71849,99.81112,15,9200|9217|9219,
9202,92,Kantang,กันตัง,7.41434,99.48788,584.1,7.28753,99.34874,7.54308,99.61273,14,9211,
9203,92,Yan Ta Khao,ย่านตาขาว,7.42474,99.73958,438.9,7.33703,99.58071,7.51887,99.90384,8,9214,
9204,92,Palian,ปะเหลียน,7.25442,99.76712,852.7,7.11396,99.56802,7.37654,99.94856,10,9212|9214|9218,
9205,92,Sikao,สิเกา,7.59321,99.35533,450.5,7.40149,99.25948,7.8251,99.51945,5,9200|9215,
9206,92,Huai Yot,ห้วยยอด,7.7904,99.6094,780.8,7.64864,99.43578,7.92663,99.81112,16,9213|9219|9221,
9207,92,Wang Wiset,วังวิเศษ,7.75211,99.40936,491.0,7.56294,99.2942,7.94497,99.54898,5,9200|9222,
9208,92,Na Yong,นาโยง,7.56143,99.73871,234.4,7.47278,99.66757,7.64457,99.82065,6,9217,
9209,92,Ratsada,รัษฎา,7.94059,99.67208,200.6,7.84582,99.56259,8.00783,99.75308,5,9213|9216,
9210,92,Hat Samran,หาดสำราญ,7.23738,99.58558,151.8,7.13669,99.52235,7.32111,99.64169,3,9212,
9301,93,Mueang Phatthalung,เมืองพัทลุง,7.61443,100.10784,453.1,7.43916,99.98718,7.73799,100.23331,14,9300,
9302,93,Kong Ra,กงหรา,7.42845,99.94941,301.9,7.31351,99.85013,7.52992,100.03059,5,9300|9318,
9303,93,Khao Chaison,เขาชัยสน,7.47363,100.12935,366.3,7.35686,100.01217,7.57568,100.27618,5,9313,
9304,93,Tamot,ตะโหมด,7.282,100.03355,304.5,7.19856,99.93986,7.36018,100.13479,3,9316,
9305,93,Khuan Khanun,ควนขนุน,7.76092,100.05273,563.2,7.63834,99.90614,7.87648,100.21844,12,9311|9315,
9306,93,Pak Phayun,ปากพะยูน,7.37209,100.31708,492.6,7.23135,100.19647,7.52782,100.40864,7,9312,
9307,93,Si Banphot,ศรีบรรพต,7.68826,99.8646,245.8,7.59779,99.78771,7.79136,99.97738,3,9319,
9308,93,Pa Bon,ป่าบอน,7.23224,100.14078,437.0,7.09033,99.95809,7.38222,100.31673,5,9317,
9309,93,Bang Kaeo,บางแก้ว,7.42425,100.19264,146.2,7.3589,100.10871,7.4784,100.28163,3,9314,
9310,93,Pa Phayom,ป่าพะยอม,7.82697,99.84926,270.4,7.74354,99.73825,7.89288,99.9851,4,9311,
9311,93,Srinagarindra,ศรีนครินทร์,7.56214,99.90085,263.0,7.47307,99.80066,7.64303,99.98905,4,9300,
9401,94,Mueang Pattani,เมืองปัตตานี,6.85611,101.26216,92.7,6.8029,101.19248,6.90097,101.32416,13,9400,
9402,94,Khok Pho,โคกโพธิ์,6.70596,101.12007,286.5,6.60626,101.01762,6.80149,101.22403,12,9412|9418,
9403,94,Nong Chik,หนองจิก,6.79996,101.17054,229.5,6.69518,101.05437,6.86609,101.26646,12,9417,
9404,94,Panare,ปะนาเระ,6.80643,101.51415,154.8,6.73395,101.45664,6.88279,101.59532,10,9413|9419,
9405,94,Mayo,มายอ,6.70798,101.40003,232.4,6.59937,101.31837,6.77382,101.50124,13,9414|9419,
9406,94,Thung Yang Daeng,ทุ่งยางแดง,6.6319,101.45182,123.3,6.56958,101.37264,6.71262,101.51071,4,9414,
9407,94,Sai Buri,สายบุรี,6.69906,101.57793,196.6,6.62637,101.48666,6.78171,101.66378,11,9411|9419,
9408,94,Mai Kaen,ไม้แก่น,6.61972,101.67695,42.5,6.5689,101.6314,6.67155,101.72484,4,9422,
9409,94,Yaring,ยะหริ่ง,6.83338,101.3912,197.8,6.77026,101.32155,6.90573,101.46143,18,9415|9419,
9410,94,Yarang,ยะรัง,6.69388,101.3105,216.4,6.5572,101.25246,6.84344,101.38244,12,9416,
9411,94,Kapho,กะพ้อ,6.61801,101.54608,68.3,6.5656,101.50236,6.67592,101.59243,3,9423,
9412,94,Mae Lan,แม่ลาน,6.66933,101.22789,73.0,6.60626,101.18431,6.72328,101.28036,3,9418,
9501,95,Mueang Yala,เมืองยะลา,6.55686,101.23867,327.1,6.4465,101.09022,6.68188,101.35487,14,9500|9516,
9502,95,Betong,เบตง,5.86314,101.22938,1341.5,5.61304,100.98964,6.05778,101.50222,5,9511,
9503,95,Bannang Sata,บันนังสตา,6.25794,101.2769,569.4,6.13041,101.10153,6.39173,101.39844,6,9513,
9504,95,Than To,ธารโต,6.08526,101.25392,710.2,5.8944,101.05844,6.21556,101.47794,4,9515|9517,
9505,95,Yaha,ยะหา,6.40843,101.11578,580.9,6.24871,100.96896,6.60821,101.22618,7,9512,
9506,95,Raman,รามัน,6.49277,101.43823,509.6,6.33556,101.30385,6.6037,101.59243,16,9514,
9507,95,Kabang,กาบัง,6.36428,100.97176,350.1,6.23159,100.84104,6.48633,101.07834,2,9512,
9508,95,Krong Pinang,กรงปินัง,6.41405,101.25567,131.5,6.34093,101.19941,6.48363,101.32561,4,9500,
9601,96,Mueang Narathiwat,เมืองนราธิวาส,6.39618,101.81326,326.9,6.28318,101.70931,6.57686,101.9188,7,9600,
9602,96,Tak Bai,ตากใบ,6.24173,101.99881,284.8,6.10489,101.91635,6.37285,102.08905,8,9611,
9603,96,Tak Bai,บาเจาะ,6.55106,101.64615,183.9,6.47204,101.58668,6.63514,101.71593,6,9617,
9604,96,Yi-Ngo,ยี่งอ,6.42001,101.69978,191.2,6.34739,101.63592,6.49995,101.78569,6,9618,
9605,96,Ra-Ngae,ระแงะ,6.25704,101.70371,390.3,6.11758,101.60099,6.36896,101.82212,7,9613|9622,
9606,96,Rueso,รือเสาะ,6.37063,101.51391,499.8,6.23143,101.3878,6.51208,101.63634,9,9615,
9607,96,Si Sakhon,ศรีสาคร,6.18427,101.52098,515.8,6.05408,101.39391,6.31784,101.62829,6,9621,
9608,96,Waeng,แว้ง,5.90493,101.87056,313.9,5.76731,101.79542,6.01572,101.94817,6,9616,
9609,96,Sukhirin,สุคิริน,5.91975,101.73485,505.3,5.75603,101.61769,6.08755,101.82517,5,9619,
9610,96,Su-Ngai Kolok,สุไหงโก-ลก,6.07388,101.98727,124.9,5.99059,101.92456,6.15106,102.06406,4,9612,
9611,96,Su-Ngai Padi,สุไหงปาดี,6.10689,101.89187,374.9,5.9772,101.79932,6.27785,102.02271,6,9614,
9612,96,Chanae,จะแนะ,6.04191,101.61976,567.5,5.88968,101.47059,6.18769,101.80505,4,9622,
9613,96,Cho-Airong,เจาะไอร้อง,6.22527,101.83675,195.6,6.12411,101.76061,6.2985,101.91713,3,9613,
